‡∏õ‡∏£‡∏∞‡∏ó‡∏±‡∏ö‡πÄ‡∏ß‡∏•‡∏≤,‡∏ó‡πà‡∏≤‡∏ô‡∏¢‡∏¥‡∏ô‡∏¢‡∏≠‡∏°‡πÉ‡∏´‡πâ‡∏ô‡∏≥‡∏Ç‡πâ‡∏≠‡∏°‡∏π‡∏•‡∏™‡πà‡∏ß‡∏ô‡∏ö‡∏∏‡∏Ñ‡∏Ñ‡∏•‡πÅ‡∏•‡∏∞‡∏ú‡∏•‡∏Å‡∏≤‡∏£‡∏ï‡∏≠‡∏ö‡πÅ‡∏ö‡∏ö‡∏™‡∏≥‡∏£‡∏ß‡∏à‡∏Ç‡∏≠‡∏á‡∏ó‡πà‡∏≤‡∏ô‡∏°‡∏≤‡πÉ‡∏ä‡πâ‡πÉ‡∏ô‡∏Å‡∏≤‡∏£‡∏®‡∏∂‡∏Å‡∏©‡∏≤‡∏û‡∏§‡∏ï‡∏¥‡∏Å‡∏£‡∏£‡∏°‡∏Å‡∏≤‡∏£‡∏£‡∏±‡∏ö‡∏õ‡∏£‡∏∞‡∏ó‡∏≤‡∏ô‡∏≠‡∏≤‡∏´‡∏≤‡∏£‡∏Ç‡∏≠‡∏á‡∏ô‡∏±‡∏Å‡∏®‡∏∂‡∏Å‡∏©‡∏≤‡∏°‡∏´‡∏≤‡∏ß‡∏¥‡∏ó‡∏¢‡∏≤‡∏•‡∏±‡∏¢‡∏ò‡∏£‡∏£‡∏°‡∏®‡∏≤‡∏™‡∏ï‡∏£‡πå ‡∏®‡∏π‡∏ô‡∏¢‡πå‡∏£‡∏±‡∏á‡∏™‡∏¥‡∏ï,‡πÄ‡∏û‡∏®‡∏Å‡∏≥‡πÄ‡∏ô‡∏¥‡∏î‡∏Ç‡∏≠‡∏á‡∏ó‡πà‡∏≤‡∏ô‡∏Ñ‡∏∑‡∏≠‡πÄ‡∏û‡∏®‡∏≠‡∏∞‡πÑ‡∏£,‡∏ó‡πà‡∏≤‡∏ô‡∏≠‡∏¢‡∏π‡πà‡πÉ‡∏ô‡∏ä‡πà‡∏ß‡∏á‡∏≠‡∏≤‡∏¢‡∏∏‡πÉ‡∏î,‡∏ó‡πà‡∏≤‡∏ô‡∏®‡∏∂‡∏Å‡∏©‡∏≤‡∏≠‡∏¢‡∏π‡πà‡∏Ñ‡∏ì‡∏∞‡∏≠‡∏∞‡πÑ‡∏£,‡∏£‡∏´‡∏±‡∏™‡∏ô‡∏±‡∏Å‡∏®‡∏∂‡∏Å‡∏©‡∏≤ 2 ‡∏ï‡∏≥‡πÅ‡∏´‡∏ô‡πà‡∏á‡πÅ‡∏£‡∏Å‡∏Ç‡∏≠‡∏á‡∏ó‡πà‡∏≤‡∏ô,‡∏£‡∏≤‡∏¢‡πÑ‡∏î‡πâ‡∏ó‡∏µ‡πà‡∏ó‡πà‡∏≤‡∏ô‡πÑ‡∏î‡πâ‡∏£‡∏±‡∏ö‡∏ï‡πà‡∏≠‡πÄ‡∏î‡∏∑‡∏≠‡∏ô,1. ‡πÉ‡∏ô‡∏´‡∏ô‡∏∂‡πà‡∏á‡∏ß‡∏±‡∏ô‡∏ó‡πà‡∏≤‡∏ô‡∏£‡∏±‡∏ö‡∏õ‡∏£‡∏∞‡∏ó‡∏≤‡∏ô‡∏≠‡∏≤‡∏´‡∏≤‡∏£‡∏°‡∏∑‡πâ‡∏≠‡πÉ‡∏î‡∏ö‡πâ‡∏≤‡∏á,2. ‡∏Ñ‡πà‡∏≤‡πÉ‡∏ä‡πâ‡∏à‡πà‡∏≤‡∏¢‡∏ï‡πà‡∏≠‡∏≠‡∏≤‡∏´‡∏≤‡∏£‡∏´‡∏ô‡∏∂‡πà‡∏á‡∏°‡∏∑‡πâ‡∏≠ (‡∏£‡∏ß‡∏°‡πÄ‡∏Ñ‡∏£‡∏∑‡πà‡∏≠‡∏á‡∏î‡∏∑‡πà‡∏° ‡πÅ‡∏•‡∏∞‡∏≠‡∏∑‡πà‡∏ô‡πÜ),3. ‡∏ó‡πà‡∏≤‡∏ô‡∏ä‡∏≠‡∏ö‡∏£‡∏±‡∏ö‡∏õ‡∏£‡∏∞‡∏ó‡∏≤‡∏ô‡∏ó‡∏≤‡∏ô‡∏≠‡∏≤‡∏´‡∏≤‡∏£‡∏ó‡∏µ‡πà‡∏°‡∏µ‡∏£‡∏™‡∏ä‡∏≤‡∏ï‡∏¥‡πÅ‡∏ö‡∏ö‡πÉ‡∏î,4. ‡∏ó‡πà‡∏≤‡∏ô‡∏°‡∏µ‡∏Ç‡πâ‡∏≠‡∏à‡∏≥‡∏Å‡∏±‡∏î‡πÉ‡∏ô‡∏≠‡∏≤‡∏´‡∏≤‡∏£‡∏ó‡∏µ‡πà‡∏ó‡πà‡∏≤‡∏ô‡∏™‡∏≤‡∏°‡∏≤‡∏£‡∏ñ‡∏£‡∏±‡∏ö‡∏õ‡∏£‡∏∞‡∏ó‡∏≤‡∏ô‡∏´‡∏£‡∏∑‡∏≠‡πÑ‡∏°‡πà(‡πÄ‡∏ä‡πà‡∏ô ‡πÅ‡∏û‡πâ‡∏≠‡∏≤‡∏´‡∏≤‡∏£ ‡∏´‡∏£‡∏∑‡∏≠‡πÑ‡∏°‡πà‡∏™‡∏≤‡∏°‡∏≤‡∏£‡∏ñ‡∏ó‡∏≤‡∏ô‡∏´‡∏°‡∏π),5. ‡πÄ‡∏°‡∏ô‡∏π‡πÉ‡∏î‡∏ó‡∏µ‡πà‡∏ó‡πà‡∏≤‡∏ô‡∏ä‡∏∑‡πà‡∏ô‡∏ä‡∏≠‡∏ö‡∏°‡∏≤‡∏Å‡∏ó‡∏µ‡πà‡∏™‡∏∏‡∏î,6. ‡πÄ‡∏û‡∏£‡∏≤‡∏∞‡πÄ‡∏´‡∏ï‡∏∏‡πÉ‡∏î ‡∏ó‡πà‡∏≤‡∏ô‡∏à‡∏∂‡∏á‡∏ä‡∏∑‡πà‡∏ô‡∏ä‡∏≠‡∏ö‡πÉ‡∏ô‡πÄ‡∏°‡∏ô‡∏π‡∏ô‡∏±‡πâ‡∏ô,7. ‡πÉ‡∏ô‡∏´‡∏ô‡∏∂‡πà‡∏á‡∏™‡∏±‡∏õ‡∏î‡∏≤‡∏´‡πå ‡∏ó‡πà‡∏≤‡∏ô‡∏£‡∏±‡∏ö‡∏õ‡∏£‡∏∞‡∏ó‡∏≤‡∏ô‡∏≠‡∏≤‡∏´‡∏≤‡∏£‡πÄ‡∏°‡∏ô‡∏π‡πÉ‡∏î‡∏°‡∏≤‡∏Å‡∏ó‡∏µ‡πà‡∏™‡∏∏‡∏î,8. ‡πÄ‡∏û‡∏£‡∏≤‡∏∞‡πÄ‡∏´‡∏ï‡∏∏‡πÉ‡∏î ‡∏ó‡πà‡∏≤‡∏ô‡∏à‡∏∂‡∏á‡∏£‡∏±‡∏ö‡∏õ‡∏£‡∏∞‡∏ó‡∏≤‡∏ô‡∏≠‡∏≤‡∏´‡∏≤‡∏£‡πÄ‡∏°‡∏ô‡∏π‡∏ô‡∏±‡πâ‡∏ô‡∏ö‡πà‡∏≠‡∏¢,9. ‡πÉ‡∏ô‡∏´‡∏ô‡∏∂‡πà‡∏á‡∏™‡∏±‡∏õ‡∏î‡∏≤‡∏´‡πå ‡∏ó‡πà‡∏≤‡∏ô‡∏£‡∏±‡∏ö‡∏õ‡∏£‡∏∞‡∏ó‡∏≤‡∏ô‡πÉ‡∏ô‡πÇ‡∏£‡∏á‡∏≠‡∏≤‡∏´‡∏≤‡∏£‡∏Ç‡∏≠‡∏á‡∏°‡∏´‡∏≤‡∏ß‡∏¥‡∏ó‡∏¢‡∏≤‡∏•‡∏±‡∏¢‡∏ò‡∏£‡∏£‡∏°‡∏®‡∏≤‡∏™‡∏ï‡∏£‡πå‡∏Å‡∏µ‡πà‡∏ß‡∏±‡∏ô,10. ‡πÇ‡∏£‡∏á‡∏≠‡∏≤‡∏´‡∏≤‡∏£‡πÉ‡∏î‡πÉ‡∏ô‡∏°‡∏´‡∏≤‡∏ß‡∏¥‡∏ó‡∏¢‡∏≤‡∏•‡∏±‡∏¢‡∏ò‡∏£‡∏£‡∏°‡∏®‡∏≤‡∏™‡∏ï‡∏£‡πå‡∏ó‡∏µ‡πà‡∏ó‡πà‡∏≤‡∏ô‡πÑ‡∏õ‡∏£‡∏±‡∏ö‡∏õ‡∏£‡∏∞‡∏ó‡∏≤‡∏ô‡∏ö‡πà‡∏≠‡∏¢‡∏ó‡∏µ‡πà‡∏™‡∏∏‡∏î,11.‡πÄ‡∏û‡∏£‡∏≤‡∏∞‡πÄ‡∏´‡∏ï‡∏∏‡πÉ‡∏î ‡∏ó‡πà‡∏≤‡∏ô‡∏à‡∏∂‡∏á‡πÑ‡∏õ‡∏£‡∏±‡∏ö‡∏õ‡∏£‡∏∞‡∏ó‡∏≤‡∏ô‡∏ó‡∏µ‡πà‡πÇ‡∏£‡∏á‡∏≠‡∏≤‡∏´‡∏≤‡∏£‡∏ô‡∏±‡πâ‡∏ô‡∏ö‡πà‡∏≠‡∏¢‡∏ó‡∏µ‡πà‡∏™‡∏∏‡∏î,"‡∏Å‡∏≥‡∏´‡∏ô‡∏î‡πÄ‡∏Å‡∏ì‡∏ë‡πå‡∏Å‡∏≤‡∏£‡πÉ‡∏´‡πâ‡∏Ñ‡∏∞‡πÅ‡∏ô‡∏ô 5 ‡∏£‡∏∞‡∏î‡∏±‡∏ö ‡∏î‡∏±‡∏á‡∏ô‡∏µ‡πâ
 ‡∏Ñ‡∏∞‡πÅ‡∏ô‡∏ô 1 ‡∏´‡∏°‡∏≤‡∏¢‡∏ñ‡∏∂‡∏á ‡∏™‡πà‡∏á‡∏ú‡∏•‡∏ô‡πâ‡∏≠‡∏¢‡∏ó‡∏µ‡πà‡∏™‡∏∏‡∏î
 ‡∏Ñ‡∏∞‡πÅ‡∏ô‡∏ô 2 ‡∏´‡∏°‡∏≤‡∏¢‡∏ñ‡∏∂‡∏á ‡∏™‡πà‡∏á‡∏ú‡∏•‡∏ô‡πâ‡∏≠‡∏¢
 ‡∏Ñ‡∏∞‡πÅ‡∏ô‡∏ô 3 ‡∏´‡∏°‡∏≤‡∏¢‡∏ñ‡∏∂‡∏á ‡∏™‡πà‡∏á‡∏ú‡∏•‡∏õ‡∏≤‡∏ô‡∏Å‡∏•‡∏≤‡∏á
 ‡∏Ñ‡∏∞‡πÅ‡∏ô‡∏ô 4 ‡∏´‡∏°‡∏≤‡∏¢‡∏ñ‡∏∂‡∏á ‡∏™‡πà‡∏á‡∏ú‡∏•‡∏°‡∏≤‡∏Å
 ‡∏Ñ‡∏∞‡πÅ‡∏ô‡∏ô 5 ‡∏´‡∏°‡∏≤‡∏¢‡∏ñ‡∏∂‡∏á ‡∏™‡πà‡∏á‡∏ú‡∏•‡∏°‡∏≤‡∏Å‡∏ó‡∏µ‡πà‡∏™‡∏∏‡∏î [‡∏£‡∏≤‡∏Ñ‡∏≤‡∏≠‡∏≤‡∏´‡∏≤‡∏£]","‡∏Å‡∏≥‡∏´‡∏ô‡∏î‡πÄ‡∏Å‡∏ì‡∏ë‡πå‡∏Å‡∏≤‡∏£‡πÉ‡∏´‡πâ‡∏Ñ‡∏∞‡πÅ‡∏ô‡∏ô 5 ‡∏£‡∏∞‡∏î‡∏±‡∏ö ‡∏î‡∏±‡∏á‡∏ô‡∏µ‡πâ
 ‡∏Ñ‡∏∞‡πÅ‡∏ô‡∏ô 1 ‡∏´‡∏°‡∏≤‡∏¢‡∏ñ‡∏∂‡∏á ‡∏™‡πà‡∏á‡∏ú‡∏•‡∏ô‡πâ‡∏≠‡∏¢‡∏ó‡∏µ‡πà‡∏™‡∏∏‡∏î
 ‡∏Ñ‡∏∞‡πÅ‡∏ô‡∏ô 2 ‡∏´‡∏°‡∏≤‡∏¢‡∏ñ‡∏∂‡∏á ‡∏™‡πà‡∏á‡∏ú‡∏•‡∏ô‡πâ‡∏≠‡∏¢
 ‡∏Ñ‡∏∞‡πÅ‡∏ô‡∏ô 3 ‡∏´‡∏°‡∏≤‡∏¢‡∏ñ‡∏∂‡∏á ‡∏™‡πà‡∏á‡∏ú‡∏•‡∏õ‡∏≤‡∏ô‡∏Å‡∏•‡∏≤‡∏á
 ‡∏Ñ‡∏∞‡πÅ‡∏ô‡∏ô 4 ‡∏´‡∏°‡∏≤‡∏¢‡∏ñ‡∏∂‡∏á ‡∏™‡πà‡∏á‡∏ú‡∏•‡∏°‡∏≤‡∏Å
 ‡∏Ñ‡∏∞‡πÅ‡∏ô‡∏ô 5 ‡∏´‡∏°‡∏≤‡∏¢‡∏ñ‡∏∂‡∏á ‡∏™‡πà‡∏á‡∏ú‡∏•‡∏°‡∏≤‡∏Å‡∏ó‡∏µ‡πà‡∏™‡∏∏‡∏î [‡∏õ‡∏£‡∏¥‡∏°‡∏≤‡∏ì‡∏≠‡∏≤‡∏´‡∏≤‡∏£]","‡∏Å‡∏≥‡∏´‡∏ô‡∏î‡πÄ‡∏Å‡∏ì‡∏ë‡πå‡∏Å‡∏≤‡∏£‡πÉ‡∏´‡πâ‡∏Ñ‡∏∞‡πÅ‡∏ô‡∏ô 5 ‡∏£‡∏∞‡∏î‡∏±‡∏ö ‡∏î‡∏±‡∏á‡∏ô‡∏µ‡πâ
 ‡∏Ñ‡∏∞‡πÅ‡∏ô‡∏ô 1 ‡∏´‡∏°‡∏≤‡∏¢‡∏ñ‡∏∂‡∏á ‡∏™‡πà‡∏á‡∏ú‡∏•‡∏ô‡πâ‡∏≠‡∏¢‡∏ó‡∏µ‡πà‡∏™‡∏∏‡∏î
 ‡∏Ñ‡∏∞‡πÅ‡∏ô‡∏ô 2 ‡∏´‡∏°‡∏≤‡∏¢‡∏ñ‡∏∂‡∏á ‡∏™‡πà‡∏á‡∏ú‡∏•‡∏ô‡πâ‡∏≠‡∏¢
 ‡∏Ñ‡∏∞‡πÅ‡∏ô‡∏ô 3 ‡∏´‡∏°‡∏≤‡∏¢‡∏ñ‡∏∂‡∏á ‡∏™‡πà‡∏á‡∏ú‡∏•‡∏õ‡∏≤‡∏ô‡∏Å‡∏•‡∏≤‡∏á
 ‡∏Ñ‡∏∞‡πÅ‡∏ô‡∏ô 4 ‡∏´‡∏°‡∏≤‡∏¢‡∏ñ‡∏∂‡∏á ‡∏™‡πà‡∏á‡∏ú‡∏•‡∏°‡∏≤‡∏Å
 ‡∏Ñ‡∏∞‡πÅ‡∏ô‡∏ô 5 ‡∏´‡∏°‡∏≤‡∏¢‡∏ñ‡∏∂‡∏á ‡∏™‡πà‡∏á‡∏ú‡∏•‡∏°‡∏≤‡∏Å‡∏ó‡∏µ‡πà‡∏™‡∏∏‡∏î [‡∏£‡∏™‡∏ä‡∏≤‡∏ï‡∏¥‡∏≠‡∏≤‡∏´‡∏≤‡∏£]","‡∏Å‡∏≥‡∏´‡∏ô‡∏î‡πÄ‡∏Å‡∏ì‡∏ë‡πå‡∏Å‡∏≤‡∏£‡πÉ‡∏´‡πâ‡∏Ñ‡∏∞‡πÅ‡∏ô‡∏ô 5 ‡∏£‡∏∞‡∏î‡∏±‡∏ö ‡∏î‡∏±‡∏á‡∏ô‡∏µ‡πâ
 ‡∏Ñ‡∏∞‡πÅ‡∏ô‡∏ô 1 ‡∏´‡∏°‡∏≤‡∏¢‡∏ñ‡∏∂‡∏á ‡∏™‡πà‡∏á‡∏ú‡∏•‡∏ô‡πâ‡∏≠‡∏¢‡∏ó‡∏µ‡πà‡∏™‡∏∏‡∏î
 ‡∏Ñ‡∏∞‡πÅ‡∏ô‡∏ô 2 ‡∏´‡∏°‡∏≤‡∏¢‡∏ñ‡∏∂‡∏á ‡∏™‡πà‡∏á‡∏ú‡∏•‡∏ô‡πâ‡∏≠‡∏¢
 ‡∏Ñ‡∏∞‡πÅ‡∏ô‡∏ô 3 ‡∏´‡∏°‡∏≤‡∏¢‡∏ñ‡∏∂‡∏á ‡∏™‡πà‡∏á‡∏ú‡∏•‡∏õ‡∏≤‡∏ô‡∏Å‡∏•‡∏≤‡∏á
 ‡∏Ñ‡∏∞‡πÅ‡∏ô‡∏ô 4 ‡∏´‡∏°‡∏≤‡∏¢‡∏ñ‡∏∂‡∏á ‡∏™‡πà‡∏á‡∏ú‡∏•‡∏°‡∏≤‡∏Å
 ‡∏Ñ‡∏∞‡πÅ‡∏ô‡∏ô 5 ‡∏´‡∏°‡∏≤‡∏¢‡∏ñ‡∏∂‡∏á ‡∏™‡πà‡∏á‡∏ú‡∏•‡∏°‡∏≤‡∏Å‡∏ó‡∏µ‡πà‡∏™‡∏∏‡∏î [‡∏Ñ‡∏ß‡∏≤‡∏°‡∏™‡∏∞‡∏≠‡∏≤‡∏î‡∏Ç‡∏≠‡∏á‡πÇ‡∏£‡∏á‡∏≠‡∏≤‡∏´‡∏≤‡∏£]","‡∏Å‡∏≥‡∏´‡∏ô‡∏î‡πÄ‡∏Å‡∏ì‡∏ë‡πå‡∏Å‡∏≤‡∏£‡πÉ‡∏´‡πâ‡∏Ñ‡∏∞‡πÅ‡∏ô‡∏ô 5 ‡∏£‡∏∞‡∏î‡∏±‡∏ö ‡∏î‡∏±‡∏á‡∏ô‡∏µ‡πâ
 ‡∏Ñ‡∏∞‡πÅ‡∏ô‡∏ô 1 ‡∏´‡∏°‡∏≤‡∏¢‡∏ñ‡∏∂‡∏á ‡∏™‡πà‡∏á‡∏ú‡∏•‡∏ô‡πâ‡∏≠‡∏¢‡∏ó‡∏µ‡πà‡∏™‡∏∏‡∏î
 ‡∏Ñ‡∏∞‡πÅ‡∏ô‡∏ô 2 ‡∏´‡∏°‡∏≤‡∏¢‡∏ñ‡∏∂‡∏á ‡∏™‡πà‡∏á‡∏ú‡∏•‡∏ô‡πâ‡∏≠‡∏¢
 ‡∏Ñ‡∏∞‡πÅ‡∏ô‡∏ô 3 ‡∏´‡∏°‡∏≤‡∏¢‡∏ñ‡∏∂‡∏á ‡∏™‡πà‡∏á‡∏ú‡∏•‡∏õ‡∏≤‡∏ô‡∏Å‡∏•‡∏≤‡∏á
 ‡∏Ñ‡∏∞‡πÅ‡∏ô‡∏ô 4 ‡∏´‡∏°‡∏≤‡∏¢‡∏ñ‡∏∂‡∏á ‡∏™‡πà‡∏á‡∏ú‡∏•‡∏°‡∏≤‡∏Å
 ‡∏Ñ‡∏∞‡πÅ‡∏ô‡∏ô 5 ‡∏´‡∏°‡∏≤‡∏¢‡∏ñ‡∏∂‡∏á ‡∏™‡πà‡∏á‡∏ú‡∏•‡∏°‡∏≤‡∏Å‡∏ó‡∏µ‡πà‡∏™‡∏∏‡∏î [‡∏ö‡∏£‡∏£‡∏¢‡∏≤‡∏Å‡∏≤‡∏®‡∏Ç‡∏≠‡∏á‡πÇ‡∏£‡∏á‡∏≠‡∏≤‡∏´‡∏≤‡∏£(‡πÄ‡∏ä‡πà‡∏ô‡∏à‡∏≥‡∏ô‡∏ß‡∏ô‡∏Ñ‡∏ô)]","‡∏Å‡∏≥‡∏´‡∏ô‡∏î‡πÄ‡∏Å‡∏ì‡∏ë‡πå‡∏Å‡∏≤‡∏£‡πÉ‡∏´‡πâ‡∏Ñ‡∏∞‡πÅ‡∏ô‡∏ô 5 ‡∏£‡∏∞‡∏î‡∏±‡∏ö ‡∏î‡∏±‡∏á‡∏ô‡∏µ‡πâ
 ‡∏Ñ‡∏∞‡πÅ‡∏ô‡∏ô 1 ‡∏´‡∏°‡∏≤‡∏¢‡∏ñ‡∏∂‡∏á ‡∏™‡πà‡∏á‡∏ú‡∏•‡∏ô‡πâ‡∏≠‡∏¢‡∏ó‡∏µ‡πà‡∏™‡∏∏‡∏î
 ‡∏Ñ‡∏∞‡πÅ‡∏ô‡∏ô 2 ‡∏´‡∏°‡∏≤‡∏¢‡∏ñ‡∏∂‡∏á ‡∏™‡πà‡∏á‡∏ú‡∏•‡∏ô‡πâ‡∏≠‡∏¢
 ‡∏Ñ‡∏∞‡πÅ‡∏ô‡∏ô 3 ‡∏´‡∏°‡∏≤‡∏¢‡∏ñ‡∏∂‡∏á ‡∏™‡πà‡∏á‡∏ú‡∏•‡∏õ‡∏≤‡∏ô‡∏Å‡∏•‡∏≤‡∏á
 ‡∏Ñ‡∏∞‡πÅ‡∏ô‡∏ô 4 ‡∏´‡∏°‡∏≤‡∏¢‡∏ñ‡∏∂‡∏á ‡∏™‡πà‡∏á‡∏ú‡∏•‡∏°‡∏≤‡∏Å
 ‡∏Ñ‡∏∞‡πÅ‡∏ô‡∏ô 5 ‡∏´‡∏°‡∏≤‡∏¢‡∏ñ‡∏∂‡∏á ‡∏™‡πà‡∏á‡∏ú‡∏•‡∏°‡∏≤‡∏Å‡∏ó‡∏µ‡πà‡∏™‡∏∏‡∏î [‡∏Ñ‡∏∏‡∏ì‡∏Ñ‡πà‡∏≤‡∏ó‡∏≤‡∏á‡πÇ‡∏†‡∏ä‡∏ô‡∏≤‡∏Å‡∏≤‡∏£]","‡∏Å‡∏≥‡∏´‡∏ô‡∏î‡πÄ‡∏Å‡∏ì‡∏ë‡πå‡∏Å‡∏≤‡∏£‡πÉ‡∏´‡πâ‡∏Ñ‡∏∞‡πÅ‡∏ô‡∏ô 5 ‡∏£‡∏∞‡∏î‡∏±‡∏ö ‡∏î‡∏±‡∏á‡∏ô‡∏µ‡πâ
 ‡∏Ñ‡∏∞‡πÅ‡∏ô‡∏ô 1 ‡∏´‡∏°‡∏≤‡∏¢‡∏ñ‡∏∂‡∏á ‡∏™‡πà‡∏á‡∏ú‡∏•‡∏ô‡πâ‡∏≠‡∏¢‡∏ó‡∏µ‡πà‡∏™‡∏∏‡∏î
 ‡∏Ñ‡∏∞‡πÅ‡∏ô‡∏ô 2 ‡∏´‡∏°‡∏≤‡∏¢‡∏ñ‡∏∂‡∏á ‡∏™‡πà‡∏á‡∏ú‡∏•‡∏ô‡πâ‡∏≠‡∏¢
 ‡∏Ñ‡∏∞‡πÅ‡∏ô‡∏ô 3 ‡∏´‡∏°‡∏≤‡∏¢‡∏ñ‡∏∂‡∏á ‡∏™‡πà‡∏á‡∏ú‡∏•‡∏õ‡∏≤‡∏ô‡∏Å‡∏•‡∏≤‡∏á
 ‡∏Ñ‡∏∞‡πÅ‡∏ô‡∏ô 4 ‡∏´‡∏°‡∏≤‡∏¢‡∏ñ‡∏∂‡∏á ‡∏™‡πà‡∏á‡∏ú‡∏•‡∏°‡∏≤‡∏Å
 ‡∏Ñ‡∏∞‡πÅ‡∏ô‡∏ô 5 ‡∏´‡∏°‡∏≤‡∏¢‡∏ñ‡∏∂‡∏á ‡∏™‡πà‡∏á‡∏ú‡∏•‡∏°‡∏≤‡∏Å‡∏ó‡∏µ‡πà‡∏™‡∏∏‡∏î [‡∏Ñ‡∏ß‡∏≤‡∏°‡∏ô‡∏¥‡∏¢‡∏°‡∏Ç‡∏≠‡∏á‡∏£‡πâ‡∏≤‡∏ô‡∏≠‡∏≤‡∏´‡∏≤‡∏£]","‡∏Å‡∏≥‡∏´‡∏ô‡∏î‡πÄ‡∏Å‡∏ì‡∏ë‡πå‡∏Å‡∏≤‡∏£‡πÉ‡∏´‡πâ‡∏Ñ‡∏∞‡πÅ‡∏ô‡∏ô 5 ‡∏£‡∏∞‡∏î‡∏±‡∏ö ‡∏î‡∏±‡∏á‡∏ô‡∏µ‡πâ
 ‡∏Ñ‡∏∞‡πÅ‡∏ô‡∏ô 1 ‡∏´‡∏°‡∏≤‡∏¢‡∏ñ‡∏∂‡∏á ‡∏™‡πà‡∏á‡∏ú‡∏•‡∏ô‡πâ‡∏≠‡∏¢‡∏ó‡∏µ‡πà‡∏™‡∏∏‡∏î
 ‡∏Ñ‡∏∞‡πÅ‡∏ô‡∏ô 2 ‡∏´‡∏°‡∏≤‡∏¢‡∏ñ‡∏∂‡∏á ‡∏™‡πà‡∏á‡∏ú‡∏•‡∏ô‡πâ‡∏≠‡∏¢
 ‡∏Ñ‡∏∞‡πÅ‡∏ô‡∏ô 3 ‡∏´‡∏°‡∏≤‡∏¢‡∏ñ‡∏∂‡∏á ‡∏™‡πà‡∏á‡∏ú‡∏•‡∏õ‡∏≤‡∏ô‡∏Å‡∏•‡∏≤‡∏á
 ‡∏Ñ‡∏∞‡πÅ‡∏ô‡∏ô 4 ‡∏´‡∏°‡∏≤‡∏¢‡∏ñ‡∏∂‡∏á ‡∏™‡πà‡∏á‡∏ú‡∏•‡∏°‡∏≤‡∏Å
 ‡∏Ñ‡∏∞‡πÅ‡∏ô‡∏ô 5 ‡∏´‡∏°‡∏≤‡∏¢‡∏ñ‡∏∂‡∏á ‡∏™‡πà‡∏á‡∏ú‡∏•‡∏°‡∏≤‡∏Å‡∏ó‡∏µ‡πà‡∏™‡∏∏‡∏î [‡∏Å‡∏≤‡∏£‡∏ö‡∏£‡∏¥‡∏Å‡∏≤‡∏£‡∏Ç‡∏≠‡∏á‡πÇ‡∏£‡∏á‡∏≠‡∏≤‡∏´‡∏≤‡∏£(‡πÄ‡∏ä‡πà‡∏ô‡πÄ‡∏ß‡∏•‡∏≤‡πÉ‡∏ô‡∏Å‡∏≤‡∏£‡πÑ‡∏î‡πâ‡∏£‡∏±‡∏ö‡∏≠‡∏≤‡∏´‡∏≤‡∏£)]","‡∏Å‡∏≥‡∏´‡∏ô‡∏î‡πÄ‡∏Å‡∏ì‡∏ë‡πå‡∏Å‡∏≤‡∏£‡πÉ‡∏´‡πâ‡∏Ñ‡∏∞‡πÅ‡∏ô‡∏ô 5 ‡∏£‡∏∞‡∏î‡∏±‡∏ö ‡∏î‡∏±‡∏á‡∏ô‡∏µ‡πâ
 ‡∏Ñ‡∏∞‡πÅ‡∏ô‡∏ô 1 ‡∏´‡∏°‡∏≤‡∏¢‡∏ñ‡∏∂‡∏á ‡∏™‡πà‡∏á‡∏ú‡∏•‡∏ô‡πâ‡∏≠‡∏¢‡∏ó‡∏µ‡πà‡∏™‡∏∏‡∏î
 ‡∏Ñ‡∏∞‡πÅ‡∏ô‡∏ô 2 ‡∏´‡∏°‡∏≤‡∏¢‡∏ñ‡∏∂‡∏á ‡∏™‡πà‡∏á‡∏ú‡∏•‡∏ô‡πâ‡∏≠‡∏¢
 ‡∏Ñ‡∏∞‡πÅ‡∏ô‡∏ô 3 ‡∏´‡∏°‡∏≤‡∏¢‡∏ñ‡∏∂‡∏á ‡∏™‡πà‡∏á‡∏ú‡∏•‡∏õ‡∏≤‡∏ô‡∏Å‡∏•‡∏≤‡∏á
 ‡∏Ñ‡∏∞‡πÅ‡∏ô‡∏ô 4 ‡∏´‡∏°‡∏≤‡∏¢‡∏ñ‡∏∂‡∏á ‡∏™‡πà‡∏á‡∏ú‡∏•‡∏°‡∏≤‡∏Å
 ‡∏Ñ‡∏∞‡πÅ‡∏ô‡∏ô 5 ‡∏´‡∏°‡∏≤‡∏¢‡∏ñ‡∏∂‡∏á ‡∏™‡πà‡∏á‡∏ú‡∏•‡∏°‡∏≤‡∏Å‡∏ó‡∏µ‡πà‡∏™‡∏∏‡∏î [‡πÅ‡∏´‡∏•‡πà‡∏á‡∏ó‡∏µ‡πà‡∏ï‡∏±‡πâ‡∏á‡∏Ç‡∏≠‡∏á‡πÇ‡∏£‡∏á‡∏≠‡∏≤‡∏´‡∏≤‡∏£]",‡∏ó‡πà‡∏≤‡∏ô‡∏°‡∏µ‡∏Ç‡πâ‡∏≠‡πÄ‡∏™‡∏ô‡∏≠‡πÅ‡∏ô‡∏∞‡∏ó‡∏µ‡πà‡∏≠‡∏¢‡∏≤‡∏Å‡πÉ‡∏´‡πâ‡πÇ‡∏£‡∏á‡∏≠‡∏≤‡∏´‡∏≤‡∏£‡∏õ‡∏£‡∏±‡∏ö‡∏õ‡∏£‡∏∏‡∏á‡∏´‡∏£‡∏∑‡∏≠‡πÑ‡∏°‡πà,‡∏™‡∏¥‡πà‡∏á‡∏ó‡∏µ‡πà‡∏ó‡πà‡∏≤‡∏ô‡∏≠‡∏¢‡∏≤‡∏Å‡πÉ‡∏´‡πâ‡πÇ‡∏£‡∏á‡∏≠‡∏≤‡∏´‡∏≤‡∏£‡∏õ‡∏£‡∏±‡∏ö‡∏õ‡∏£‡∏∏‡∏á
3/28/2024 13:14:12,‡∏¢‡∏¥‡∏ô‡∏¢‡∏≠‡∏°,‡∏ä‡∏≤‡∏¢,18-24 ‡∏õ‡∏µ,‡∏Ñ‡∏ì‡∏∞‡∏ß‡∏¥‡∏ó‡∏¢‡∏≤‡∏®‡∏≤‡∏™‡∏ï‡∏£‡πå ‡πÅ‡∏•‡∏∞‡πÄ‡∏ó‡∏Ñ‡πÇ‡∏ô‡πÇ‡∏•‡∏¢‡∏µ,65,"‡∏°‡∏≤‡∏Å‡∏Å‡∏ß‡πà‡∏≤ 9,000 ‡∏ö‡∏≤‡∏ó","‡∏°‡∏∑‡πâ‡∏≠‡∏Å‡∏•‡∏≤‡∏á‡∏ß‡∏±‡∏ô, ‡∏°‡∏∑‡πâ‡∏≠‡πÄ‡∏¢‡πá‡∏ô, ‡∏°‡∏∑‡πâ‡∏≠‡∏î‡∏∂‡∏Å",51 - 100 ‡∏ö‡∏≤‡∏ó,"‡πÄ‡∏ú‡πá‡∏î, ‡πÄ‡∏õ‡∏£‡∏µ‡πâ‡∏¢‡∏ß, ‡πÄ‡∏Ñ‡πá‡∏°, ‡∏´‡∏ß‡∏≤‡∏ô",‡πÑ‡∏°‡πà‡πÅ‡∏û‡πâ‡∏≠‡∏≤‡∏´‡∏≤‡∏£‡∏´‡∏£‡∏∑‡∏≠‡∏°‡∏µ‡∏Ç‡πâ‡∏≠‡∏à‡∏≥‡∏Å‡∏±‡∏î‡πÉ‡∏î ‡πÜ,‡∏Å‡πã‡∏ß‡∏¢‡πÄ‡∏ï‡∏µ‡πã‡∏¢‡∏ß,‡∏£‡∏ß‡∏î‡πÄ‡∏£‡πá‡∏ß,‡∏Å‡πã‡∏ß‡∏¢‡πÄ‡∏ï‡∏µ‡πã‡∏¢‡∏ß,‡∏´‡∏≤‡∏Å‡∏¥‡∏ô‡∏á‡πà‡∏≤‡∏¢‡∏°‡∏µ‡∏£‡πâ‡∏≤‡∏ô‡πÄ‡∏¢‡∏≠‡∏∞,3,‡πÇ‡∏£‡∏á‡∏≠‡∏≤‡∏´‡∏≤‡∏£ SC,‡∏£‡πâ‡∏≤‡∏ô‡∏≠‡∏≤‡∏´‡∏≤‡∏£‡πÄ‡∏¢‡∏≠‡∏∞‡πÄ‡πÄ‡∏•‡∏∞‡∏≠‡∏£‡πà‡∏≠‡∏¢,3,4,4,3,5,2,3,5,5,‡∏°‡∏µ,‡∏à‡∏±‡∏î‡∏Å‡∏≤‡∏£‡πÄ‡∏£‡∏∑‡πà‡∏≠‡∏á‡πÄ‡∏ß‡∏•‡∏≤‡πÉ‡∏ô‡∏Å‡∏≤‡∏£‡∏£‡∏±‡∏ö‡∏≠‡∏≤‡∏´‡∏≤‡∏£
3/28/2024 13:22:22,‡∏¢‡∏¥‡∏ô‡∏¢‡∏≠‡∏°,‡∏ä‡∏≤‡∏¢,18-24 ‡∏õ‡∏µ,‡∏Ñ‡∏ì‡∏∞‡∏ß‡∏¥‡∏ó‡∏¢‡∏≤‡∏®‡∏≤‡∏™‡∏ï‡∏£‡πå ‡πÅ‡∏•‡∏∞‡πÄ‡∏ó‡∏Ñ‡πÇ‡∏ô‡πÇ‡∏•‡∏¢‡∏µ,65,"7,001 - 9,000 ‡∏ö‡∏≤‡∏ó","‡∏°‡∏∑‡πâ‡∏≠‡∏Å‡∏•‡∏≤‡∏á‡∏ß‡∏±‡∏ô, ‡∏°‡∏∑‡πâ‡∏≠‡πÄ‡∏¢‡πá‡∏ô",51 - 100 ‡∏ö‡∏≤‡∏ó,"‡πÄ‡∏ú‡πá‡∏î, ‡πÄ‡∏Ñ‡πá‡∏°",‡πÅ‡∏û‡πâ‡∏ô‡πâ‡∏≥‡∏ï‡∏≤‡∏•‡πÅ‡∏•‡∏Ñ‡πÇ‡∏ï‡∏™ (Lactose intolerance),‡∏Ç‡πâ‡∏≤‡∏ß‡∏ú‡∏±‡∏î‡∏Å‡∏∞‡πÄ‡∏û‡∏£‡∏≤,‡∏≠‡∏£‡πà‡∏≠‡∏¢,‡∏Ç‡πâ‡∏≤‡∏ß‡πÑ‡∏Å‡πà‡∏Å‡∏£‡∏≠‡∏ö‡∏ú‡∏±‡∏î‡∏û‡∏£‡∏¥‡∏Å‡πÄ‡∏Å‡∏•‡∏∑‡∏≠,‡∏≠‡∏£‡πà‡∏≠‡∏¢,1,‡πÇ‡∏£‡∏á‡∏≠‡∏≤‡∏´‡∏≤‡∏£‡∏Ñ‡∏ì‡∏∞‡∏ß‡∏¥‡∏ó‡∏¢‡πå,‡πÉ‡∏Å‡∏•‡πâ‡∏Å‡∏±‡∏ö‡∏ó‡∏µ‡πà‡πÄ‡∏£‡∏µ‡∏¢‡∏ô‡∏ß‡∏¥‡∏ä‡∏≤‡∏ï‡πà‡∏≠‡πÑ‡∏õ,5,5,5,5,5,2,3,5,5,‡∏°‡∏µ,‡∏ï‡∏¥‡∏î‡πÅ‡∏≠‡∏£‡πå
3/28/2024 13:22:40,‡∏¢‡∏¥‡∏ô‡∏¢‡∏≠‡∏°,‡∏ä‡∏≤‡∏¢,18-24 ‡∏õ‡∏µ,‡∏Ñ‡∏ì‡∏∞‡∏ß‡∏¥‡∏ó‡∏¢‡∏≤‡∏®‡∏≤‡∏™‡∏ï‡∏£‡πå ‡πÅ‡∏•‡∏∞‡πÄ‡∏ó‡∏Ñ‡πÇ‡∏ô‡πÇ‡∏•‡∏¢‡∏µ,65,"‡∏°‡∏≤‡∏Å‡∏Å‡∏ß‡πà‡∏≤ 9,000 ‡∏ö‡∏≤‡∏ó","‡∏°‡∏∑‡πâ‡∏≠‡∏Å‡∏•‡∏≤‡∏á‡∏ß‡∏±‡∏ô, ‡∏°‡∏∑‡πâ‡∏≠‡πÄ‡∏¢‡πá‡∏ô",101 - 200 ‡∏ö‡∏≤‡∏ó,"‡πÄ‡∏ú‡πá‡∏î, ‡πÄ‡∏õ‡∏£‡∏µ‡πâ‡∏¢‡∏ß, ‡πÄ‡∏Ñ‡πá‡∏°",‡πÑ‡∏°‡πà‡πÅ‡∏û‡πâ‡∏≠‡∏≤‡∏´‡∏≤‡∏£‡∏´‡∏£‡∏∑‡∏≠‡∏°‡∏µ‡∏Ç‡πâ‡∏≠‡∏à‡∏≥‡∏Å‡∏±‡∏î‡πÉ‡∏î ‡πÜ,‡∏ã‡∏π‡∏ä‡∏¥,‡∏≠‡∏£‡πà‡∏≠‡∏¢,‡∏¢‡∏≥‡∏°‡∏≤‡∏°‡πà‡∏≤,‡∏™‡∏î‡∏ß‡∏Å,4,‡πÇ‡∏£‡∏á‡∏≠‡∏≤‡∏´‡∏≤‡∏£‡∏Ñ‡∏ì‡∏∞‡∏ß‡∏¥‡∏ó‡∏¢‡πå,‡πÉ‡∏Å‡∏•‡πâ‡∏™‡∏ñ‡∏≤‡∏ô‡∏ó‡∏µ‡πà‡πÄ‡∏£‡∏µ‡∏¢‡∏ô,3,4,2,2,2,4,4,5,5,‡∏°‡∏µ,‡∏ó‡∏≥‡πÉ‡∏´‡πâ‡∏Å‡∏ß‡πâ‡∏≤‡∏á‡∏Ç‡∏∂‡πâ‡∏ô 
3/28/2024 13:29:56,‡∏¢‡∏¥‡∏ô‡∏¢‡∏≠‡∏°,‡∏´‡∏ç‡∏¥‡∏á,18-24 ‡∏õ‡∏µ,‡∏Ñ‡∏ì‡∏∞‡∏ß‡∏¥‡∏ó‡∏¢‡∏≤‡∏®‡∏≤‡∏™‡∏ï‡∏£‡πå ‡πÅ‡∏•‡∏∞‡πÄ‡∏ó‡∏Ñ‡πÇ‡∏ô‡πÇ‡∏•‡∏¢‡∏µ,65,"‡∏°‡∏≤‡∏Å‡∏Å‡∏ß‡πà‡∏≤ 9,000 ‡∏ö‡∏≤‡∏ó","‡∏°‡∏∑‡πâ‡∏≠‡∏Å‡∏•‡∏≤‡∏á‡∏ß‡∏±‡∏ô, ‡∏°‡∏∑‡πâ‡∏≠‡πÄ‡∏¢‡πá‡∏ô",101 - 200 ‡∏ö‡∏≤‡∏ó,"‡πÄ‡∏ú‡πá‡∏î, ‡πÄ‡∏Ñ‡πá‡∏°, ‡∏´‡∏ß‡∏≤‡∏ô",‡πÅ‡∏û‡πâ‡∏ô‡πâ‡∏≥‡∏ï‡∏≤‡∏•‡πÅ‡∏•‡∏Ñ‡πÇ‡∏ï‡∏™ (Lactose intolerance),‡∏û‡∏≤‡∏™‡∏ï‡πâ‡∏≤,‡∏≠‡∏£‡πà‡∏≠‡∏¢,‡∏Ç‡πâ‡∏≤‡∏ß‡∏£‡∏≤‡∏î‡πÅ‡∏Å‡∏á,‡∏Å‡∏¥‡∏ô‡πÑ‡∏î‡πâ‡∏á‡πà‡∏≤‡∏¢,3,‡πÇ‡∏£‡∏á‡∏≠‡∏≤‡∏´‡∏≤‡∏£ Green Canteen,‡πÄ‡∏î‡∏¥‡∏ô‡∏ó‡∏≤‡∏á‡πÑ‡∏î‡πâ‡∏á‡πà‡∏≤‡∏¢,3,4,5,5,4,2,3,5,4,‡∏°‡∏µ,‡πÄ‡∏û‡∏¥‡πà‡∏°‡∏£‡∏≤‡∏¢‡∏Å‡∏≤‡∏£‡∏≠‡∏≤‡∏´‡∏≤‡∏£‡πÉ‡∏´‡πâ‡∏°‡∏≤‡∏Å‡∏Ç‡∏∂‡πâ‡∏ô ‡∏≠‡∏¢‡∏≤‡∏Å‡πÉ‡∏´‡πâ‡∏ï‡∏¥‡∏î‡πÅ‡∏≠‡∏£‡πå‡∏ó‡∏µ‡πà‡πÇ‡∏£‡∏á‡∏≠‡∏≤‡∏´‡∏≤‡∏£
3/28/2024 13:30:02,‡∏¢‡∏¥‡∏ô‡∏¢‡∏≠‡∏°,‡∏´‡∏ç‡∏¥‡∏á,18-24 ‡∏õ‡∏µ,‡∏Ñ‡∏ì‡∏∞‡∏ß‡∏¥‡∏ó‡∏¢‡∏≤‡∏®‡∏≤‡∏™‡∏ï‡∏£‡πå ‡πÅ‡∏•‡∏∞‡πÄ‡∏ó‡∏Ñ‡πÇ‡∏ô‡πÇ‡∏•‡∏¢‡∏µ,65,"5,001 - 7,000 ‡∏ö‡∏≤‡∏ó","‡∏°‡∏∑‡πâ‡∏≠‡∏Å‡∏•‡∏≤‡∏á‡∏ß‡∏±‡∏ô, ‡∏°‡∏∑‡πâ‡∏≠‡∏î‡∏∂‡∏Å",101 - 200 ‡∏ö‡∏≤‡∏ó,"‡πÄ‡∏ú‡πá‡∏î, ‡πÄ‡∏Ñ‡πá‡∏°",‡πÑ‡∏°‡πà‡∏Å‡∏¥‡∏ô‡∏≠‡∏≤‡∏´‡∏≤‡∏£‡∏ó‡∏µ‡πà‡∏°‡∏µ‡∏™‡πà‡∏ß‡∏ô‡∏ú‡∏™‡∏°‡∏Ç‡∏≠‡∏á‡∏°‡∏∞‡πÄ‡∏Ç‡∏∑‡∏≠‡πÄ‡∏ó‡∏®,‡πÑ‡∏Å‡πà‡∏ó‡∏≠‡∏î,‡∏ó‡∏≤‡∏ô‡∏ö‡πà‡∏≠‡∏¢,‡πÑ‡∏Å‡πà‡∏ó‡∏≠‡∏î,‡∏ä‡∏≠‡∏ö,7,‡πÇ‡∏£‡∏á‡∏≠‡∏≤‡∏´‡∏≤‡∏£ Green Canteen,‡∏≠‡∏¢‡∏π‡πà‡πÉ‡∏Å‡∏•‡πâ ‡∏≠‡∏≤‡∏´‡∏≤‡∏£‡∏´‡∏•‡∏≤‡∏Å‡∏´‡∏•‡∏≤‡∏¢,5,5,5,5,5,3,1,5,5,‡∏°‡∏µ,‡∏Ñ‡∏ß‡∏≤‡∏°‡∏™‡∏∞‡∏≠‡∏≤‡∏î ‡πÄ‡∏£‡∏∑‡πà‡∏≠‡∏á‡∏Ç‡∏≠‡∏á‡∏≠‡∏≤‡∏Å‡∏≤‡∏®‡∏ó‡∏µ‡πà‡∏£‡πâ‡∏≠‡∏ô 
3/28/2024 13:46:58,‡∏¢‡∏¥‡∏ô‡∏¢‡∏≠‡∏°,‡∏ä‡∏≤‡∏¢,18-24 ‡∏õ‡∏µ,‡∏Ñ‡∏ì‡∏∞‡∏ß‡∏¥‡∏ó‡∏¢‡∏≤‡∏®‡∏≤‡∏™‡∏ï‡∏£‡πå ‡πÅ‡∏•‡∏∞‡πÄ‡∏ó‡∏Ñ‡πÇ‡∏ô‡πÇ‡∏•‡∏¢‡∏µ,65,"7,001 - 9,000 ‡∏ö‡∏≤‡∏ó","‡∏°‡∏∑‡πâ‡∏≠‡πÄ‡∏ä‡πâ‡∏≤, ‡∏°‡∏∑‡πâ‡∏≠‡∏Å‡∏•‡∏≤‡∏á‡∏ß‡∏±‡∏ô, ‡∏°‡∏∑‡πâ‡∏≠‡πÄ‡∏¢‡πá‡∏ô",51 - 100 ‡∏ö‡∏≤‡∏ó,"‡πÄ‡∏õ‡∏£‡∏µ‡πâ‡∏¢‡∏ß, ‡∏´‡∏ß‡∏≤‡∏ô",‡πÑ‡∏°‡πà‡πÅ‡∏û‡πâ‡∏≠‡∏≤‡∏´‡∏≤‡∏£‡∏´‡∏£‡∏∑‡∏≠‡∏°‡∏µ‡∏Ç‡πâ‡∏≠‡∏à‡∏≥‡∏Å‡∏±‡∏î‡πÉ‡∏î ‡πÜ,‡∏Ç‡πâ‡∏≤‡∏ß‡∏Ç‡∏≤‡∏´‡∏°‡∏π,"‡∏≠‡∏£‡πà‡∏≠‡∏¢, ‡∏≠‡∏¥‡πà‡∏°",‡∏Ç‡πâ‡∏≤‡∏ß‡∏ú‡∏±‡∏î‡πÄ‡∏ã‡πÄ‡∏ß‡πà‡∏ô,‡∏™‡∏∞‡∏î‡∏ß‡∏Å ‡∏£‡∏ß‡∏î‡πÄ‡∏£‡πá‡∏ß ,2,‡πÇ‡∏£‡∏á‡∏≠‡∏≤‡∏´‡∏≤‡∏£‡∏ó‡∏¥‡∏ß‡∏™‡∏ô‡πÇ‡∏î‡∏°,‡πÄ‡∏ô‡∏∑‡πà‡∏≠‡∏á‡∏à‡∏≤‡∏Å‡πÄ‡∏û‡∏∑‡πà‡∏≠‡∏ô‡πÜ‡∏ó‡∏µ‡πà‡∏ä‡∏≠‡∏ö‡∏≠‡∏≤‡∏´‡∏≤‡∏£‡∏ó‡∏µ‡πà‡∏ó‡∏¥‡∏ß‡∏™‡∏ô‡∏à‡∏∂‡∏á‡πÑ‡∏î‡πâ‡πÑ‡∏õ‡∏ö‡πà‡∏≠‡∏¢,5,4,4,5,4,3,3,3,3,‡πÑ‡∏°‡πà‡∏°‡∏µ,
3/28/2024 13:47:32,‡∏¢‡∏¥‡∏ô‡∏¢‡∏≠‡∏°,‡∏ä‡∏≤‡∏¢,18-24 ‡∏õ‡∏µ,‡∏Ñ‡∏ì‡∏∞‡∏ß‡∏¥‡∏ó‡∏¢‡∏≤‡∏®‡∏≤‡∏™‡∏ï‡∏£‡πå ‡πÅ‡∏•‡∏∞‡πÄ‡∏ó‡∏Ñ‡πÇ‡∏ô‡πÇ‡∏•‡∏¢‡∏µ,65,"5,001 - 7,000 ‡∏ö‡∏≤‡∏ó","‡∏°‡∏∑‡πâ‡∏≠‡∏Å‡∏•‡∏≤‡∏á‡∏ß‡∏±‡∏ô, ‡∏°‡∏∑‡πâ‡∏≠‡πÄ‡∏¢‡πá‡∏ô, ‡∏°‡∏∑‡πâ‡∏≠‡∏î‡∏∂‡∏Å",51 - 100 ‡∏ö‡∏≤‡∏ó,"‡πÄ‡∏ú‡πá‡∏î, ‡πÄ‡∏õ‡∏£‡∏µ‡πâ‡∏¢‡∏ß, ‡∏´‡∏ß‡∏≤‡∏ô",‡πÑ‡∏°‡πà‡πÅ‡∏û‡πâ‡∏≠‡∏≤‡∏´‡∏≤‡∏£‡∏´‡∏£‡∏∑‡∏≠‡∏°‡∏µ‡∏Ç‡πâ‡∏≠‡∏à‡∏≥‡∏Å‡∏±‡∏î‡πÉ‡∏î ‡πÜ,‡∏Å‡πã‡∏ß‡∏¢‡πÄ‡∏ï‡∏µ‡πã‡∏¢‡∏ß,‡∏≠‡∏£‡πà‡∏≠‡∏¢,‡∏Å‡πã‡∏ß‡∏¢‡πÄ‡∏ï‡∏µ‡πã‡∏¢‡∏ß‡πÑ‡∏Å‡πà,‡∏´‡∏≤‡∏á‡πà‡∏≤‡∏¢‡πÅ‡∏•‡∏∞‡∏ä‡∏≠‡∏ö,3,‡πÇ‡∏£‡∏á‡∏≠‡∏≤‡∏´‡∏≤‡∏£‡∏Ñ‡∏ì‡∏∞‡∏ß‡∏¥‡∏ó‡∏¢‡πå,‡πÉ‡∏Å‡∏•‡πâ‡∏Å‡∏•‡∏±‡∏ö‡∏ó‡∏µ‡πà‡πÄ‡∏£‡∏µ‡∏¢‡∏ô,4,4,4,4,4,3,3,4,4,‡∏°‡∏µ,‡∏≠‡∏¢‡∏≤‡∏Å‡πÉ‡∏´‡πâ‡∏°‡∏µ‡∏´‡∏•‡∏≤‡∏Å‡∏´‡∏•‡∏≤‡∏¢‡∏°‡∏≤‡∏Å‡∏Å‡∏ß‡πà‡∏≤‡∏ô‡∏µ‡πâ
3/28/2024 13:51:25,‡∏¢‡∏¥‡∏ô‡∏¢‡∏≠‡∏°,‡∏ä‡∏≤‡∏¢,18-24 ‡∏õ‡∏µ,‡∏Ñ‡∏ì‡∏∞‡∏ß‡∏¥‡∏ó‡∏¢‡∏≤‡∏®‡∏≤‡∏™‡∏ï‡∏£‡πå ‡πÅ‡∏•‡∏∞‡πÄ‡∏ó‡∏Ñ‡πÇ‡∏ô‡πÇ‡∏•‡∏¢‡∏µ,65,"5,001 - 7,000 ‡∏ö‡∏≤‡∏ó","‡∏°‡∏∑‡πâ‡∏≠‡∏Å‡∏•‡∏≤‡∏á‡∏ß‡∏±‡∏ô, ‡∏°‡∏∑‡πâ‡∏≠‡πÄ‡∏¢‡πá‡∏ô",101 - 200 ‡∏ö‡∏≤‡∏ó,"‡πÄ‡∏ú‡πá‡∏î, ‡πÄ‡∏Ñ‡πá‡∏°",‡πÅ‡∏û‡πâ‡∏Å‡∏∏‡πâ‡∏á,‡πÑ‡∏Å‡πà‡∏Å‡∏£‡∏≠‡∏ö‡∏Ñ‡∏±‡πà‡∏ß‡∏û‡∏£‡∏¥‡∏Å‡πÄ‡∏Å‡∏•‡∏∑‡∏≠,‡∏≠‡∏£‡πà‡∏≠‡∏¢,‡∏Ç‡πâ‡∏≤‡∏ß‡∏´‡∏°‡∏π‡∏ó‡∏≠‡∏î,‡∏´‡∏≤‡∏Å‡∏¥‡∏ô‡∏á‡πà‡∏≤‡∏¢,2,‡πÇ‡∏£‡∏á‡∏≠‡∏≤‡∏´‡∏≤‡∏£‡∏Ñ‡∏ì‡∏∞‡∏ß‡∏¥‡∏ó‡∏¢‡πå,‡πÉ‡∏Å‡∏•‡πâ‡∏Å‡∏±‡∏ö‡∏ó‡∏µ‡πà‡πÄ‡∏£‡∏µ‡∏¢‡∏ô,4,4,5,4,4,4,4,4,4,‡∏°‡∏µ,‡∏õ‡∏£‡∏±‡∏ö‡∏õ‡∏£‡∏∏‡∏á‡∏ó‡∏µ‡πà‡∏ô‡∏±‡πà‡∏á‡πÉ‡∏´‡πâ‡∏°‡∏µ‡πÄ‡∏û‡∏µ‡∏¢‡∏á‡∏û‡∏≠
3/28/2024 13:51:52,‡∏¢‡∏¥‡∏ô‡∏¢‡∏≠‡∏°,‡∏ä‡∏≤‡∏¢,18-24 ‡∏õ‡∏µ,‡∏Ñ‡∏ì‡∏∞‡∏ß‡∏¥‡∏ó‡∏¢‡∏≤‡∏®‡∏≤‡∏™‡∏ï‡∏£‡πå ‡πÅ‡∏•‡∏∞‡πÄ‡∏ó‡∏Ñ‡πÇ‡∏ô‡πÇ‡∏•‡∏¢‡∏µ,65,"‡∏°‡∏≤‡∏Å‡∏Å‡∏ß‡πà‡∏≤ 9,000 ‡∏ö‡∏≤‡∏ó","‡∏°‡∏∑‡πâ‡∏≠‡∏Å‡∏•‡∏≤‡∏á‡∏ß‡∏±‡∏ô, ‡∏°‡∏∑‡πâ‡∏≠‡πÄ‡∏¢‡πá‡∏ô",101 - 200 ‡∏ö‡∏≤‡∏ó,"‡πÄ‡∏õ‡∏£‡∏µ‡πâ‡∏¢‡∏ß, ‡πÄ‡∏Ñ‡πá‡∏°, ‡∏´‡∏ß‡∏≤‡∏ô",‡πÑ‡∏°‡πà‡πÅ‡∏û‡πâ‡∏≠‡∏≤‡∏´‡∏≤‡∏£‡∏´‡∏£‡∏∑‡∏≠‡∏°‡∏µ‡∏Ç‡πâ‡∏≠‡∏à‡∏≥‡∏Å‡∏±‡∏î‡πÉ‡∏î ‡πÜ,‡∏Ç‡πâ‡∏≤‡∏ß‡∏´‡∏°‡∏π‡∏™‡∏≤‡∏°‡∏ä‡∏±‡πâ‡∏ô‡∏ó‡∏≠‡∏î,‡∏ó‡∏≤‡∏ô‡∏á‡πà‡∏≤‡∏¢,‡∏Ç‡πâ‡∏≤‡∏ß‡∏´‡∏°‡∏π‡∏™‡∏≤‡∏°‡∏ä‡∏±‡πâ‡∏ô‡∏ó‡∏≠‡∏î,‡∏´‡∏≤‡∏Å‡∏¥‡∏ô‡∏á‡πà‡∏≤‡∏¢ ‡∏£‡∏≤‡∏Ñ‡∏≤‡πÑ‡∏°‡πà‡πÅ‡∏û‡∏á,2,‡πÇ‡∏£‡∏á‡∏≠‡∏≤‡∏´‡∏≤‡∏£‡∏Ñ‡∏ì‡∏∞‡∏ß‡∏¥‡∏ó‡∏¢‡πå,‡πÑ‡∏°‡πà‡∏°‡∏µ‡πÄ‡∏ß‡∏•‡∏≤‡∏ß‡πà‡∏≤‡∏á,2,2,2,2,2,2,2,2,2,‡∏°‡∏µ,‡∏™‡∏†‡∏≤‡∏û‡πÅ‡∏ß‡∏î‡∏•‡πâ‡∏≠‡∏°‡πÇ‡∏£‡∏á‡∏≠‡∏≤‡∏´‡∏≤‡∏£ ‡∏£‡πâ‡∏≤‡∏ô‡∏≠‡∏≤‡∏´‡∏≤‡∏£‡πÉ‡∏´‡πâ‡πÄ‡∏•‡∏∑‡∏≠‡∏Å‡∏°‡∏≤‡∏Å‡∏Ç‡∏∂‡πâ‡∏ô‡πÅ‡∏•‡∏∞‡∏£‡∏™‡∏ä‡∏≤‡∏ï‡∏¥‡∏î‡∏µ‡∏Ç‡∏∂‡πâ‡∏ô
3/28/2024 14:58:02,‡∏¢‡∏¥‡∏ô‡∏¢‡∏≠‡∏°,‡∏´‡∏ç‡∏¥‡∏á,18-24 ‡∏õ‡∏µ,‡∏Ñ‡∏ì‡∏∞‡∏ß‡∏¥‡∏ó‡∏¢‡∏≤‡∏®‡∏≤‡∏™‡∏ï‡∏£‡πå ‡πÅ‡∏•‡∏∞‡πÄ‡∏ó‡∏Ñ‡πÇ‡∏ô‡πÇ‡∏•‡∏¢‡∏µ,65,"7,001 - 9,000 ‡∏ö‡∏≤‡∏ó","‡∏°‡∏∑‡πâ‡∏≠‡πÄ‡∏¢‡πá‡∏ô, ‡∏°‡∏∑‡πâ‡∏≠‡∏î‡∏∂‡∏Å",101 - 200 ‡∏ö‡∏≤‡∏ó,"‡πÄ‡∏ú‡πá‡∏î, ‡πÄ‡∏õ‡∏£‡∏µ‡πâ‡∏¢‡∏ß, ‡πÄ‡∏Ñ‡πá‡∏°, ‡∏´‡∏ß‡∏≤‡∏ô",‡πÑ‡∏°‡πà‡∏Å‡∏¥‡∏ô‡∏ú‡∏±‡∏Å,‡∏Ç‡πâ‡∏≤‡∏ß‡∏ú‡∏±‡∏î‡∏Å‡∏∞‡πÄ‡∏û‡∏£‡∏≤‡∏´‡∏°‡∏π‡πÑ‡∏Ç‡πà‡∏î‡∏≤‡∏ß,"‡∏™‡∏∞‡∏î‡∏ß‡∏Å, ‡∏≠‡∏£‡πà‡∏≠‡∏¢",‡∏Ç‡πâ‡∏≤‡∏ß‡∏ú‡∏±‡∏î‡πÑ‡∏Ç‡πà,‡∏ó‡∏≥‡∏á‡πà‡∏≤‡∏¢,2,‡πÇ‡∏£‡∏á‡∏≠‡∏≤‡∏´‡∏≤‡∏£‡∏Ñ‡∏ì‡∏∞‡∏ß‡∏¥‡∏ó‡∏¢‡πå,‡πÄ‡∏£‡∏µ‡∏¢‡∏ô‡∏ó‡∏µ‡πà‡∏ï‡∏∂‡∏Å‡∏ö‡∏£‡∏ó‡∏∏‡∏Å‡∏ß‡∏±‡∏ô,4,5,5,3,3,2,4,3,4,‡∏°‡∏µ,‡∏≠‡∏¢‡∏≤‡∏Å‡πÉ‡∏´‡πâ‡πÇ‡∏£‡∏á‡∏≠‡∏≤‡∏´‡∏≤‡∏£‡∏°‡∏µ‡∏≠‡∏≤‡∏´‡∏≤‡∏£‡∏ó‡∏µ‡πà‡∏´‡∏•‡∏≤‡∏Å‡∏´‡∏•‡∏≤‡∏¢‡∏Å‡∏ß‡πà‡∏≤‡∏ô‡∏µ‡πâ
3/28/2024 14:58:11,‡∏¢‡∏¥‡∏ô‡∏¢‡∏≠‡∏°,‡∏ä‡∏≤‡∏¢,18-24 ‡∏õ‡∏µ,‡∏Ñ‡∏ì‡∏∞‡∏ß‡∏¥‡∏ó‡∏¢‡∏≤‡∏®‡∏≤‡∏™‡∏ï‡∏£‡πå ‡πÅ‡∏•‡∏∞‡πÄ‡∏ó‡∏Ñ‡πÇ‡∏ô‡πÇ‡∏•‡∏¢‡∏µ,65,"7,001 - 9,000 ‡∏ö‡∏≤‡∏ó","‡∏°‡∏∑‡πâ‡∏≠‡∏Å‡∏•‡∏≤‡∏á‡∏ß‡∏±‡∏ô, ‡∏°‡∏∑‡πâ‡∏≠‡πÄ‡∏¢‡πá‡∏ô",51 - 100 ‡∏ö‡∏≤‡∏ó,‡∏´‡∏ß‡∏≤‡∏ô,‡πÑ‡∏°‡πà‡πÅ‡∏û‡πâ‡∏≠‡∏≤‡∏´‡∏≤‡∏£‡∏´‡∏£‡∏∑‡∏≠‡∏°‡∏µ‡∏Ç‡πâ‡∏≠‡∏à‡∏≥‡∏Å‡∏±‡∏î‡πÉ‡∏î ‡πÜ,‡∏Å‡πã‡∏ß‡∏¢‡πÄ‡∏ï‡∏µ‡πã‡∏¢‡∏ß,‡∏ä‡∏≠‡∏ö‡∏ß‡∏±‡∏ï‡∏ñ‡∏∏‡∏î‡∏¥‡∏ö,‡∏Ç‡πâ‡∏≤‡∏ß‡∏Å‡∏£‡∏∞‡πÄ‡∏û‡∏£‡∏≤,‡∏Ñ‡∏¥‡∏î‡∏≠‡∏∞‡πÑ‡∏£‡πÑ‡∏°‡πà‡∏≠‡∏≠‡∏Å,2,‡πÇ‡∏£‡∏á‡∏≠‡∏≤‡∏´‡∏≤‡∏£‡∏Ñ‡∏ì‡∏∞‡∏ß‡∏¥‡∏ó‡∏¢‡πå,‡πÉ‡∏Å‡∏•‡πâ‡∏ó‡∏µ‡πà‡πÄ‡∏£‡∏µ‡∏¢‡∏ô,3,4,5,5,3,3,3,3,5,‡πÑ‡∏°‡πà‡∏°‡∏µ,
3/28/2024 15:15:23,‡∏¢‡∏¥‡∏ô‡∏¢‡∏≠‡∏°,‡∏ä‡∏≤‡∏¢,18-24 ‡∏õ‡∏µ,‡∏™‡∏ñ‡∏≤‡∏ö‡∏±‡∏ô‡πÄ‡∏ó‡∏Ñ‡πÇ‡∏ô‡πÇ‡∏•‡∏¢‡∏µ‡∏ô‡∏≤‡∏ô‡∏≤‡∏ä‡∏≤‡∏ï‡∏¥‡∏™‡∏¥‡∏£‡∏¥‡∏ô‡∏ò‡∏£,65,"‡∏°‡∏≤‡∏Å‡∏Å‡∏ß‡πà‡∏≤ 9,000 ‡∏ö‡∏≤‡∏ó","‡∏°‡∏∑‡πâ‡∏≠‡∏Å‡∏•‡∏≤‡∏á‡∏ß‡∏±‡∏ô, ‡∏°‡∏∑‡πâ‡∏≠‡πÄ‡∏¢‡πá‡∏ô, ‡∏°‡∏∑‡πâ‡∏≠‡∏î‡∏∂‡∏Å",101 - 200 ‡∏ö‡∏≤‡∏ó,"‡πÄ‡∏Ñ‡πá‡∏°, ‡∏´‡∏ß‡∏≤‡∏ô",‡πÑ‡∏°‡πà‡πÅ‡∏û‡πâ‡∏≠‡∏≤‡∏´‡∏≤‡∏£‡∏´‡∏£‡∏∑‡∏≠‡∏°‡∏µ‡∏Ç‡πâ‡∏≠‡∏à‡∏≥‡∏Å‡∏±‡∏î‡πÉ‡∏î ‡πÜ,‡∏´‡∏°‡∏π‡∏Å‡∏£‡∏≠‡∏ö,‡∏≠‡∏£‡πà‡∏≠‡∏¢,‡πÑ‡∏≠‡∏ï‡∏¥‡∏°,‡∏≠‡∏≤‡∏Å‡∏≤‡∏®‡∏£‡πâ‡∏≠‡∏ô,4,‡πÇ‡∏£‡∏á‡∏≠‡∏≤‡∏´‡∏≤‡∏£ JC,‡πÄ‡∏û‡∏∑‡πà‡∏≠‡∏ô‡∏ä‡∏≠‡∏ö‡πÑ‡∏õ,3,4,4,4,4,4,3,4,4,‡∏°‡∏µ,‡∏ï‡∏¥‡∏î‡πÄ‡πÄ‡∏≠‡∏£‡πå‡∏´‡∏ô‡πà‡∏≠‡∏¢‡∏Ñ‡∏£‡∏±‡∏ö‡∏£‡πâ‡∏≠‡∏ô‡∏°‡∏≤‡∏Å‡∏Å
3/28/2024 15:16:24,‡∏¢‡∏¥‡∏ô‡∏¢‡∏≠‡∏°,‡∏´‡∏ç‡∏¥‡∏á,18-24 ‡∏õ‡∏µ,‡∏Ñ‡∏ì‡∏∞‡∏ß‡∏¥‡∏ó‡∏¢‡∏≤‡∏®‡∏≤‡∏™‡∏ï‡∏£‡πå ‡πÅ‡∏•‡∏∞‡πÄ‡∏ó‡∏Ñ‡πÇ‡∏ô‡πÇ‡∏•‡∏¢‡∏µ,65,"‡∏°‡∏≤‡∏Å‡∏Å‡∏ß‡πà‡∏≤ 9,000 ‡∏ö‡∏≤‡∏ó","‡∏°‡∏∑‡πâ‡∏≠‡∏Å‡∏•‡∏≤‡∏á‡∏ß‡∏±‡∏ô, ‡∏°‡∏∑‡πâ‡∏≠‡πÄ‡∏¢‡πá‡∏ô, ‡∏°‡∏∑‡πâ‡∏≠‡∏î‡∏∂‡∏Å",51 - 100 ‡∏ö‡∏≤‡∏ó,"‡πÄ‡∏ú‡πá‡∏î, ‡πÄ‡∏Ñ‡πá‡∏°",‡πÑ‡∏°‡πà‡πÅ‡∏û‡πâ‡∏≠‡∏≤‡∏´‡∏≤‡∏£‡∏´‡∏£‡∏∑‡∏≠‡∏°‡∏µ‡∏Ç‡πâ‡∏≠‡∏à‡∏≥‡∏Å‡∏±‡∏î‡πÉ‡∏î ‡πÜ,‡∏´‡∏°‡∏≤‡∏•‡πà‡∏≤,‡∏≠‡∏£‡πà‡∏≠‡∏¢,‡∏´‡∏°‡∏≤‡∏•‡πà‡∏≤,‡∏≠‡∏£‡πà‡∏≠‡∏¢,2,‡πÇ‡∏£‡∏á‡∏≠‡∏≤‡∏´‡∏≤‡∏£‡∏Ñ‡∏ì‡∏∞‡∏ß‡∏¥‡∏ó‡∏¢‡πå,‡∏≠‡∏¢‡∏π‡πà‡πÉ‡∏Å‡∏•‡πâ‡∏ó‡∏µ‡πà‡πÄ‡∏£‡∏µ‡∏¢‡∏ô,2,5,5,3,4,1,1,4,5,‡∏°‡∏µ,‡∏Ç‡∏¢‡∏≤‡∏¢‡∏ó‡∏µ‡πà‡∏ô‡∏±‡πà‡∏á‡πÉ‡∏´‡πâ‡∏°‡∏≤‡∏Å‡∏Å‡∏ß‡πà‡∏≤‡∏ô‡∏µ‡πâ
3/28/2024 15:21:11,‡∏¢‡∏¥‡∏ô‡∏¢‡∏≠‡∏°,‡∏ä‡∏≤‡∏¢,18-24 ‡∏õ‡∏µ,‡∏Ñ‡∏ì‡∏∞‡∏ß‡∏¥‡∏ó‡∏¢‡∏≤‡∏®‡∏≤‡∏™‡∏ï‡∏£‡πå ‡πÅ‡∏•‡∏∞‡πÄ‡∏ó‡∏Ñ‡πÇ‡∏ô‡πÇ‡∏•‡∏¢‡∏µ,65,"7,001 - 9,000 ‡∏ö‡∏≤‡∏ó","‡∏°‡∏∑‡πâ‡∏≠‡πÄ‡∏ä‡πâ‡∏≤, ‡∏°‡∏∑‡πâ‡∏≠‡∏Å‡∏•‡∏≤‡∏á‡∏ß‡∏±‡∏ô, ‡∏°‡∏∑‡πâ‡∏≠‡πÄ‡∏¢‡πá‡∏ô",51 - 100 ‡∏ö‡∏≤‡∏ó,‡πÄ‡∏Ñ‡πá‡∏°,"‡πÑ‡∏°‡πà‡πÅ‡∏û‡πâ‡∏≠‡∏≤‡∏´‡∏≤‡∏£‡∏´‡∏£‡∏∑‡∏≠‡∏°‡∏µ‡∏Ç‡πâ‡∏≠‡∏à‡∏≥‡∏Å‡∏±‡∏î‡πÉ‡∏î ‡πÜ, ‡∏≠‡∏≤‡∏´‡∏≤‡∏£‡∏ó‡∏∞‡πÄ‡∏•",‡∏™‡πÄ‡∏ï‡πá‡∏Å,‡∏≠‡∏£‡πà‡∏≠‡∏¢,‡∏Ç‡πâ‡∏≤‡∏ß‡∏´‡∏°‡∏π‡∏ó‡∏≠‡∏î,‡∏≠‡∏¥‡πà‡∏°‡πÅ‡∏•‡∏∞‡∏Ñ‡∏∏‡πâ‡∏°,5,‡πÇ‡∏£‡∏á‡∏≠‡∏≤‡∏´‡∏≤‡∏£ Green Canteen,‡πÉ‡∏Å‡∏•‡πâ‡∏´‡∏≠‡∏û‡∏±‡∏Å‡πÅ‡∏•‡∏∞‡∏≠‡∏£‡πà‡∏≠‡∏¢,5,5,4,5,5,3,1,4,3,‡πÑ‡∏°‡πà‡∏°‡∏µ,
3/28/2024 15:21:52,‡∏¢‡∏¥‡∏ô‡∏¢‡∏≠‡∏°,‡∏´‡∏ç‡∏¥‡∏á,18-24 ‡∏õ‡∏µ,‡∏Ñ‡∏ì‡∏∞‡∏û‡∏≤‡∏ì‡∏¥‡∏ä‡∏¢‡∏®‡∏≤‡∏™‡∏ï‡∏£‡πå ‡πÅ‡∏•‡∏∞‡∏Å‡∏≤‡∏£‡∏ö‡∏±‡∏ç‡∏ä‡∏µ,65,"7,001 - 9,000 ‡∏ö‡∏≤‡∏ó","‡∏°‡∏∑‡πâ‡∏≠‡∏Å‡∏•‡∏≤‡∏á‡∏ß‡∏±‡∏ô, ‡∏°‡∏∑‡πâ‡∏≠‡πÄ‡∏¢‡πá‡∏ô",51 - 100 ‡∏ö‡∏≤‡∏ó,"‡πÄ‡∏Ñ‡πá‡∏°, ‡∏´‡∏ß‡∏≤‡∏ô","‡∏Æ‡∏≤‡∏•‡∏≤‡∏• (Halal), ‡πÅ‡∏û‡πâ‡∏Å‡∏∏‡πâ‡∏á",‡∏Ç‡πâ‡∏≤‡∏ß‡∏ú‡∏±‡∏î‡πÑ‡∏Å‡πà,‡∏ó‡∏≤‡∏ô‡∏á‡πà‡∏≤‡∏¢,‡∏Ç‡πâ‡∏≤‡∏ß‡πÑ‡∏Ç‡πà‡πÄ‡∏à‡∏µ‡∏¢‡∏ß,‡∏°‡∏µ‡∏ó‡∏∏‡∏Å‡∏£‡πâ‡∏≤‡∏ô‡∏≠‡∏≤‡∏´‡∏≤‡∏£‡∏ï‡∏≤‡∏°‡∏™‡∏±‡πà‡∏á,4,‡πÇ‡∏£‡∏á‡∏≠‡∏≤‡∏´‡∏≤‡∏£ SC,‡∏ó‡∏µ‡πà‡∏ô‡∏±‡πà‡∏á‡πÄ‡∏¢‡∏≠‡∏∞‡∏ä‡∏≠‡∏ö‡∏ô‡∏±‡πà‡∏á‡πÇ‡∏ï‡πä‡∏∞‡∏Å‡∏•‡∏°+‡∏£‡πâ‡∏≤‡∏ô‡∏≠‡∏≤‡∏´‡∏≤‡∏£‡∏£‡∏™‡∏ä‡∏≤‡∏ï‡∏¥‡πÇ‡∏≠‡πÄ‡∏Ñ,3,3,4,4,4,2,3,3,3,‡πÑ‡∏°‡πà‡∏°‡∏µ,
3/28/2024 15:24:08,‡∏¢‡∏¥‡∏ô‡∏¢‡∏≠‡∏°,‡∏ä‡∏≤‡∏¢,18-24 ‡∏õ‡∏µ,‡∏™‡∏ñ‡∏≤‡∏ö‡∏±‡∏ô‡πÄ‡∏ó‡∏Ñ‡πÇ‡∏ô‡πÇ‡∏•‡∏¢‡∏µ‡∏ô‡∏≤‡∏ô‡∏≤‡∏ä‡∏≤‡∏ï‡∏¥‡∏™‡∏¥‡∏£‡∏¥‡∏ô‡∏ò‡∏£,65,"5,001 - 7,000 ‡∏ö‡∏≤‡∏ó","‡∏°‡∏∑‡πâ‡∏≠‡∏Å‡∏•‡∏≤‡∏á‡∏ß‡∏±‡∏ô, ‡∏°‡∏∑‡πâ‡∏≠‡πÄ‡∏¢‡πá‡∏ô",51 - 100 ‡∏ö‡∏≤‡∏ó,"‡πÄ‡∏ú‡πá‡∏î, ‡πÄ‡∏õ‡∏£‡∏µ‡πâ‡∏¢‡∏ß, ‡πÄ‡∏Ñ‡πá‡∏°, ‡∏´‡∏ß‡∏≤‡∏ô",‡πÑ‡∏°‡πà‡πÅ‡∏û‡πâ‡∏≠‡∏≤‡∏´‡∏≤‡∏£‡∏´‡∏£‡∏∑‡∏≠‡∏°‡∏µ‡∏Ç‡πâ‡∏≠‡∏à‡∏≥‡∏Å‡∏±‡∏î‡πÉ‡∏î ‡πÜ,‡πÑ‡∏Å‡πà‡∏ó‡∏≠‡∏î,‡∏≠‡∏£‡πà‡∏≠‡∏¢,‡∏Ç‡πâ‡∏≤‡∏ß‡∏ú‡∏±‡∏î,‡∏´‡∏≤‡∏ó‡∏≤‡∏ô‡∏á‡πà‡∏≤‡∏¢ ‡∏£‡∏≤‡∏Ñ‡∏≤‡∏ñ‡∏π‡∏Å,3,‡πÇ‡∏£‡∏á‡∏≠‡∏≤‡∏´‡∏≤‡∏£‡∏Ñ‡∏ì‡∏∞‡∏ß‡∏¥‡∏®‡∏ß‡∏∞‡∏Ø,‡∏≠‡∏¢‡∏π‡πà‡∏ï‡∏¥‡∏î‡∏Ñ‡∏ì‡∏∞,5,4,3,4,5,3,4,5,5,‡πÑ‡∏°‡πà‡∏°‡∏µ,
3/28/2024 15:52:42,‡∏¢‡∏¥‡∏ô‡∏¢‡∏≠‡∏°,‡∏´‡∏ç‡∏¥‡∏á,18-24 ‡∏õ‡∏µ,‡∏Ñ‡∏ì‡∏∞‡∏ß‡∏¥‡∏ó‡∏¢‡∏≤‡∏®‡∏≤‡∏™‡∏ï‡∏£‡πå ‡πÅ‡∏•‡∏∞‡πÄ‡∏ó‡∏Ñ‡πÇ‡∏ô‡πÇ‡∏•‡∏¢‡∏µ,65,"5,001 - 7,000 ‡∏ö‡∏≤‡∏ó","‡∏°‡∏∑‡πâ‡∏≠‡∏Å‡∏•‡∏≤‡∏á‡∏ß‡∏±‡∏ô, ‡∏°‡∏∑‡πâ‡∏≠‡πÄ‡∏¢‡πá‡∏ô",51 - 100 ‡∏ö‡∏≤‡∏ó,"‡πÄ‡∏ú‡πá‡∏î, ‡πÄ‡∏õ‡∏£‡∏µ‡πâ‡∏¢‡∏ß, ‡πÄ‡∏Ñ‡πá‡∏°, ‡∏´‡∏ß‡∏≤‡∏ô",‡πÑ‡∏°‡πà‡πÅ‡∏û‡πâ‡∏≠‡∏≤‡∏´‡∏≤‡∏£‡∏´‡∏£‡∏∑‡∏≠‡∏°‡∏µ‡∏Ç‡πâ‡∏≠‡∏à‡∏≥‡∏Å‡∏±‡∏î‡πÉ‡∏î ‡πÜ,‡∏ï‡∏≥‡∏°‡∏∞‡∏°‡πà‡∏ß‡∏á,‡∏≠‡∏£‡πà‡∏≠‡∏¢,‡∏´‡∏°‡πà‡∏≤‡∏•‡πà‡∏≤,‡∏£‡πâ‡∏≤‡∏ô‡∏≠‡∏≤‡∏´‡∏≤‡∏£‡πÉ‡∏Å‡∏•‡πâ‡∏°‡∏´‡∏≤‡∏ß‡∏¥‡∏ó‡∏¢‡∏≤‡∏•‡∏±‡∏¢‡πÅ‡∏•‡∏∞‡∏™‡∏≤‡∏°‡∏≤‡∏£‡∏ñ‡πÄ‡∏•‡∏∑‡∏≠‡∏Å‡πÑ‡∏î‡πâ‡∏´‡∏•‡∏≤‡∏Å‡∏´‡∏•‡∏≤‡∏¢,4,‡πÇ‡∏£‡∏á‡∏≠‡∏≤‡∏´‡∏≤‡∏£‡∏ó‡∏¥‡∏ß‡∏™‡∏ô‡πÇ‡∏î‡∏°,‡∏≠‡∏¢‡∏π‡πà‡∏´‡∏≠‡πÉ‡∏ô ‡πÉ‡∏Å‡∏•‡πâ‡πÇ‡∏£‡∏á‡∏≠‡∏≤‡∏´‡∏≤‡∏£‡∏ô‡∏±‡πâ‡∏ô‡∏°‡∏≤‡∏Å‡∏ó‡∏µ‡πà‡∏™‡∏∏‡∏î,5,3,5,4,5,3,3,4,5,‡πÑ‡∏°‡πà‡∏°‡∏µ,
3/28/2024 15:54:10,‡∏¢‡∏¥‡∏ô‡∏¢‡∏≠‡∏°,‡∏´‡∏ç‡∏¥‡∏á,18-24 ‡∏õ‡∏µ,‡∏Ñ‡∏ì‡∏∞‡∏ß‡∏¥‡∏ó‡∏¢‡∏≤‡∏®‡∏≤‡∏™‡∏ï‡∏£‡πå ‡πÅ‡∏•‡∏∞‡πÄ‡∏ó‡∏Ñ‡πÇ‡∏ô‡πÇ‡∏•‡∏¢‡∏µ,65,"7,001 - 9,000 ‡∏ö‡∏≤‡∏ó","‡∏°‡∏∑‡πâ‡∏≠‡∏Å‡∏•‡∏≤‡∏á‡∏ß‡∏±‡∏ô, ‡∏°‡∏∑‡πâ‡∏≠‡πÄ‡∏¢‡πá‡∏ô",101 - 200 ‡∏ö‡∏≤‡∏ó,"‡πÄ‡∏Ñ‡πá‡∏°, ‡∏´‡∏ß‡∏≤‡∏ô",‡πÑ‡∏°‡πà‡πÅ‡∏û‡πâ‡∏≠‡∏≤‡∏´‡∏≤‡∏£‡∏´‡∏£‡∏∑‡∏≠‡∏°‡∏µ‡∏Ç‡πâ‡∏≠‡∏à‡∏≥‡∏Å‡∏±‡∏î‡πÉ‡∏î ‡πÜ,‡∏™‡∏∏‡∏Å‡∏µ‡πâ‡∏´‡∏°‡∏π‡πÅ‡∏´‡πâ‡∏á,"‡∏™‡∏∞‡∏î‡∏ß‡∏Å, ‡∏≠‡∏£‡πà‡∏≠‡∏¢",‡∏´‡∏°‡πà‡∏≤‡∏•‡πà‡∏≤‡∏ã‡∏∏‡∏õ‡∏Å‡∏£‡∏∞‡∏î‡∏π‡∏Å‡∏´‡∏°‡∏π,‡∏™‡∏≤‡∏°‡∏≤‡∏£‡∏ñ custom ‡∏ú‡∏±‡∏Å‡πÅ‡∏•‡∏∞‡πÄ‡∏ô‡∏∑‡πâ‡∏≠‡∏™‡∏±‡∏ï‡∏ß‡πå‡∏ó‡∏µ‡πà‡∏≠‡∏¢‡∏≤‡∏Å‡∏Å‡∏¥‡∏ô‡πÑ‡∏î‡πâ‡∏≠‡∏¢‡πà‡∏≤‡∏á‡∏´‡∏•‡∏≤‡∏Å‡∏´‡∏•‡∏≤‡∏¢,1,"‡πÇ‡∏£‡∏á‡∏≠‡∏≤‡∏´‡∏≤‡∏£‡∏¢‡πà‡∏≠‡∏¢‡πÉ‡∏ô‡∏ï‡∏∂‡∏Å (‡∏Ñ‡∏ì‡∏∞‡∏ö‡∏±‡∏ç‡∏ä‡∏µ‡∏Ø , ‡∏£‡∏±‡∏ê‡∏®‡∏≤‡∏™‡∏ï‡∏£‡πå‡∏Ø , ‡∏™‡∏±‡∏á‡∏Ñ‡∏°‡∏™‡∏á‡πÄ‡∏Ñ‡∏£‡∏≤‡∏∞‡∏´‡πå , ‡∏ô‡∏¥‡∏ï‡∏¥‡∏®‡∏≤‡∏™‡∏ï‡∏£‡πå ‡πÄ‡∏õ‡πá‡∏ô‡∏ï‡πâ‡∏ô)",‡∏≠‡∏≤‡∏´‡∏≤‡∏£‡∏≠‡∏£‡πà‡∏≠‡∏¢ ‡∏£‡∏≤‡∏Ñ‡∏≤‡πÄ‡∏´‡∏°‡∏≤‡∏∞‡∏Å‡∏±‡∏ö‡∏õ‡∏£‡∏¥‡∏°‡∏≤‡∏ì‡πÅ‡∏•‡∏∞‡∏Ñ‡∏∏‡∏ì‡∏†‡∏≤‡∏û,4,3,5,5,5,2,4,4,3,‡∏°‡∏µ,‡∏ö‡∏≤‡∏á‡πÇ‡∏£‡∏á‡∏≠‡∏≤‡∏´‡∏≤‡∏£ ‡πÄ‡∏ä‡πà‡∏ô ‡∏Å‡∏£‡∏µ‡∏ô ‡∏ó‡∏¥‡∏ß‡∏™‡∏ô ‡∏Ñ‡∏ß‡∏£‡∏Ñ‡∏ß‡∏ö‡∏Ñ‡∏∏‡∏°‡∏£‡∏≤‡∏Ñ‡∏≤‡∏≠‡∏≤‡∏´‡∏≤‡∏£‡πÉ‡∏´‡πâ‡πÄ‡∏´‡∏°‡∏≤‡∏∞‡∏™‡∏° ‡∏£‡∏π‡πâ‡∏™‡∏∂‡∏Å‡∏ß‡πà‡∏≤‡∏£‡∏≤‡∏Ñ‡∏≤‡πÅ‡∏û‡∏á‡πÄ‡∏Å‡∏¥‡∏ô‡πÑ‡∏õ
3/28/2024 15:55:37,‡∏¢‡∏¥‡∏ô‡∏¢‡∏≠‡∏°,‡∏´‡∏ç‡∏¥‡∏á,18-24 ‡∏õ‡∏µ,‡∏Ñ‡∏ì‡∏∞‡∏®‡∏¥‡∏•‡∏õ‡∏®‡∏≤‡∏™‡∏ï‡∏£‡πå,65,"7,001 - 9,000 ‡∏ö‡∏≤‡∏ó","‡∏°‡∏∑‡πâ‡∏≠‡∏Å‡∏•‡∏≤‡∏á‡∏ß‡∏±‡∏ô, ‡∏°‡∏∑‡πâ‡∏≠‡πÄ‡∏¢‡πá‡∏ô",51 - 100 ‡∏ö‡∏≤‡∏ó,"‡πÄ‡∏õ‡∏£‡∏µ‡πâ‡∏¢‡∏ß, ‡∏´‡∏ß‡∏≤‡∏ô",‡πÑ‡∏°‡πà‡πÅ‡∏û‡πâ‡∏≠‡∏≤‡∏´‡∏≤‡∏£‡∏´‡∏£‡∏∑‡∏≠‡∏°‡∏µ‡∏Ç‡πâ‡∏≠‡∏à‡∏≥‡∏Å‡∏±‡∏î‡πÉ‡∏î ‡πÜ,‡∏¢‡∏≥‡∏°‡∏≤‡∏°‡πà‡∏≤,‡∏≠‡∏£‡πà‡∏≠‡∏¢,‡∏Å‡πã‡∏ß‡∏¢‡πÄ‡∏ï‡∏µ‡πã‡∏¢‡∏ß,‡∏≠‡∏£‡πà‡∏≠‡∏¢ ‡πÑ‡∏°‡πà‡∏£‡∏≠‡∏ô‡∏≤‡∏ô,4,‡πÇ‡∏£‡∏á‡∏≠‡∏≤‡∏´‡∏≤‡∏£ SC,‡πÉ‡∏Å‡∏•‡πâ‡∏ï‡∏∂‡∏Å‡πÄ‡∏£‡∏µ‡∏¢‡∏ô,5,2,4,4,4,2,1,4,4,‡∏°‡∏µ,‡∏≠‡∏¢‡∏≤‡∏Å‡πÉ‡πâ‡∏´‡πâ‡∏°‡∏µ‡∏û‡∏±‡∏î‡∏•‡∏°‡∏°‡∏≤‡∏Å‡∏Ç‡∏∂‡πâ‡∏ô
3/28/2024 16:05:45,‡∏¢‡∏¥‡∏ô‡∏¢‡∏≠‡∏°,‡∏´‡∏ç‡∏¥‡∏á,18-24 ‡∏õ‡∏µ,‡∏Ñ‡∏ì‡∏∞‡∏ß‡∏¥‡∏ó‡∏¢‡∏≤‡∏®‡∏≤‡∏™‡∏ï‡∏£‡πå ‡πÅ‡∏•‡∏∞‡πÄ‡∏ó‡∏Ñ‡πÇ‡∏ô‡πÇ‡∏•‡∏¢‡∏µ,65,"‡∏°‡∏≤‡∏Å‡∏Å‡∏ß‡πà‡∏≤ 9,000 ‡∏ö‡∏≤‡∏ó","‡∏°‡∏∑‡πâ‡∏≠‡∏Å‡∏•‡∏≤‡∏á‡∏ß‡∏±‡∏ô, ‡∏°‡∏∑‡πâ‡∏≠‡∏î‡∏∂‡∏Å",‡∏°‡∏≤‡∏Å‡∏Å‡∏ß‡πà‡∏≤ 200 ‡∏ö‡∏≤‡∏ó,"‡πÄ‡∏ú‡πá‡∏î, ‡∏´‡∏ß‡∏≤‡∏ô, ‡∏à‡∏∑‡∏î",‡πÑ‡∏°‡πà‡πÅ‡∏û‡πâ‡∏≠‡∏≤‡∏´‡∏≤‡∏£‡∏´‡∏£‡∏∑‡∏≠‡∏°‡∏µ‡∏Ç‡πâ‡∏≠‡∏à‡∏≥‡∏Å‡∏±‡∏î‡πÉ‡∏î ‡πÜ,‡∏´‡∏°‡∏π‡∏Å‡∏£‡∏≠‡∏ö‡∏ú‡∏±‡∏î‡∏û‡∏£‡∏¥‡∏Å‡πÄ‡∏Å‡∏•‡∏∑‡∏≠,‡∏≠‡∏£‡πà‡∏≠‡∏¢,‡πÑ‡∏Ç‡πà‡∏ï‡∏∏‡πã‡∏ô,‡∏ó‡∏≥‡∏á‡πà‡∏≤‡∏¢ ‡∏™‡∏∞‡∏î‡∏ß‡∏Å,2,‡πÇ‡∏£‡∏á‡∏≠‡∏≤‡∏´‡∏≤‡∏£‡∏Ñ‡∏ì‡∏∞‡∏ß‡∏¥‡∏ó‡∏¢‡πå,‡πÉ‡∏Å‡∏•‡πâ ‡∏™‡∏∞‡∏î‡∏ß‡∏Å,5,5,5,4,5,4,2,4,5,‡πÑ‡∏°‡πà‡∏°‡∏µ,
3/28/2024 16:22:04,‡∏¢‡∏¥‡∏ô‡∏¢‡∏≠‡∏°,‡∏ä‡∏≤‡∏¢,18-24 ‡∏õ‡∏µ,‡∏Ñ‡∏ì‡∏∞‡∏ß‡∏¥‡∏ó‡∏¢‡∏≤‡∏®‡∏≤‡∏™‡∏ï‡∏£‡πå ‡πÅ‡∏•‡∏∞‡πÄ‡∏ó‡∏Ñ‡πÇ‡∏ô‡πÇ‡∏•‡∏¢‡∏µ,65,"3,000 - 5,000 ‡∏ö‡∏≤‡∏ó","‡∏°‡∏∑‡πâ‡∏≠‡πÄ‡∏ä‡πâ‡∏≤, ‡∏°‡∏∑‡πâ‡∏≠‡∏Å‡∏•‡∏≤‡∏á‡∏ß‡∏±‡∏ô, ‡∏°‡∏∑‡πâ‡∏≠‡πÄ‡∏¢‡πá‡∏ô, ‡∏°‡∏∑‡πâ‡∏≠‡∏î‡∏∂‡∏Å",51 - 100 ‡∏ö‡∏≤‡∏ó,"‡πÄ‡∏Ñ‡πá‡∏°, ‡∏´‡∏ß‡∏≤‡∏ô",‡πÑ‡∏°‡πà‡πÅ‡∏û‡πâ‡∏≠‡∏≤‡∏´‡∏≤‡∏£‡∏´‡∏£‡∏∑‡∏≠‡∏°‡∏µ‡∏Ç‡πâ‡∏≠‡∏à‡∏≥‡∏Å‡∏±‡∏î‡πÉ‡∏î ‡πÜ,‡∏Ç‡πâ‡∏≤‡∏ß‡∏°‡∏±‡∏ô‡πÑ‡∏Å‡πà,‡∏≠‡∏£‡πà‡∏≠‡∏¢,‡∏°‡∏≤‡∏°‡πà‡∏≤,‡πÑ‡∏°‡πà‡∏°‡∏µ‡πÄ‡∏á‡∏¥‡∏ô,2,‡πÇ‡∏£‡∏á‡∏≠‡∏≤‡∏´‡∏≤‡∏£ Green Canteen,‡∏™‡∏∞‡∏î‡∏ß‡∏Å,4,3,4,4,3,2,2,2,4,‡πÑ‡∏°‡πà‡∏°‡∏µ,
3/28/2024 16:22:55,‡∏¢‡∏¥‡∏ô‡∏¢‡∏≠‡∏°,‡∏ä‡∏≤‡∏¢,18-24 ‡∏õ‡∏µ,‡∏Ñ‡∏ì‡∏∞‡∏ß‡∏¥‡∏ó‡∏¢‡∏≤‡∏®‡∏≤‡∏™‡∏ï‡∏£‡πå ‡πÅ‡∏•‡∏∞‡πÄ‡∏ó‡∏Ñ‡πÇ‡∏ô‡πÇ‡∏•‡∏¢‡∏µ,65,"‡∏ï‡πà‡∏≥‡∏Å‡∏ß‡πà‡∏≤ 3,000 ‡∏ö‡∏≤‡∏ó","‡∏°‡∏∑‡πâ‡∏≠‡∏Å‡∏•‡∏≤‡∏á‡∏ß‡∏±‡∏ô, ‡∏°‡∏∑‡πâ‡∏≠‡πÄ‡∏¢‡πá‡∏ô, ‡∏°‡∏∑‡πâ‡∏≠‡∏î‡∏∂‡∏Å",51 - 100 ‡∏ö‡∏≤‡∏ó,"‡πÄ‡∏ú‡πá‡∏î, ‡πÄ‡∏õ‡∏£‡∏µ‡πâ‡∏¢‡∏ß, ‡πÄ‡∏Ñ‡πá‡∏°, ‡∏´‡∏ß‡∏≤‡∏ô, ‡∏Ç‡∏°, ‡∏≠‡∏£‡πà‡∏≠‡∏¢",‡πÑ‡∏°‡πà‡πÅ‡∏û‡πâ‡∏≠‡∏≤‡∏´‡∏≤‡∏£‡∏´‡∏£‡∏∑‡∏≠‡∏°‡∏µ‡∏Ç‡πâ‡∏≠‡∏à‡∏≥‡∏Å‡∏±‡∏î‡πÉ‡∏î ‡πÜ,‡∏Å‡∏∞‡πÄ‡∏û‡∏£‡∏≤‡πÑ‡∏Å‡πà‡∏Å‡∏£‡∏≠‡∏ö,"‡∏≠‡∏£‡πà‡∏≠‡∏¢, ‡∏≠‡∏¥‡πà‡∏°",‡∏Å‡∏∞‡πÄ‡∏û‡∏£‡∏≤‡πÑ‡∏Å‡πà‡∏Å‡∏£‡∏≠‡∏ö,‡∏≠‡∏£‡πà‡∏≠‡∏¢‡πÅ‡∏•‡∏∞‡∏≠‡∏¥‡πà‡∏°,2,‡πÇ‡∏£‡∏á‡∏≠‡∏≤‡∏´‡∏≤‡∏£ Green Canteen,‡∏≠‡∏≤‡∏´‡∏≤‡∏£‡∏≠‡∏£‡πà‡∏≠‡∏¢,4,4,4,4,4,4,4,4,4,‡πÑ‡∏°‡πà‡∏°‡∏µ,
3/28/2024 16:25:01,‡∏¢‡∏¥‡∏ô‡∏¢‡∏≠‡∏°,‡∏ä‡∏≤‡∏¢,18-24 ‡∏õ‡∏µ,‡∏Ñ‡∏ì‡∏∞‡∏ß‡∏¥‡∏ó‡∏¢‡∏≤‡∏®‡∏≤‡∏™‡∏ï‡∏£‡πå ‡πÅ‡∏•‡∏∞‡πÄ‡∏ó‡∏Ñ‡πÇ‡∏ô‡πÇ‡∏•‡∏¢‡∏µ,65,"3,000 - 5,000 ‡∏ö‡∏≤‡∏ó","‡∏°‡∏∑‡πâ‡∏≠‡∏Å‡∏•‡∏≤‡∏á‡∏ß‡∏±‡∏ô, ‡∏°‡∏∑‡πâ‡∏≠‡πÄ‡∏¢‡πá‡∏ô",51 - 100 ‡∏ö‡∏≤‡∏ó,"‡πÄ‡∏ú‡πá‡∏î, ‡πÄ‡∏õ‡∏£‡∏µ‡πâ‡∏¢‡∏ß, ‡πÄ‡∏Ñ‡πá‡∏°",‡πÑ‡∏°‡πà‡πÅ‡∏û‡πâ‡∏≠‡∏≤‡∏´‡∏≤‡∏£‡∏´‡∏£‡∏∑‡∏≠‡∏°‡∏µ‡∏Ç‡πâ‡∏≠‡∏à‡∏≥‡∏Å‡∏±‡∏î‡πÉ‡∏î ‡πÜ,‡∏¢‡∏≥‡∏°‡∏≤‡∏°‡πà‡∏≤,‡∏≠‡∏£‡πà‡∏≠‡∏¢,‡∏¢‡∏≥‡∏°‡∏≤‡∏°‡πà‡∏≤,‡∏≠‡∏£‡πà‡∏≠‡∏¢,5,‡πÇ‡∏£‡∏á‡∏≠‡∏≤‡∏´‡∏≤‡∏£‡∏Ñ‡∏ì‡∏∞‡∏ß‡∏¥‡∏ó‡∏¢‡πå,‡∏≠‡∏¢‡∏π‡πà‡πÉ‡∏Å‡∏•‡πâ,3,3,4,4,3,3,2,2,4,‡πÑ‡∏°‡πà‡∏°‡∏µ,
3/28/2024 16:25:52,‡∏¢‡∏¥‡∏ô‡∏¢‡∏≠‡∏°,‡∏´‡∏ç‡∏¥‡∏á,18-24 ‡∏õ‡∏µ,‡∏Ñ‡∏ì‡∏∞‡∏ß‡∏¥‡∏ó‡∏¢‡∏≤‡∏®‡∏≤‡∏™‡∏ï‡∏£‡πå ‡πÅ‡∏•‡∏∞‡πÄ‡∏ó‡∏Ñ‡πÇ‡∏ô‡πÇ‡∏•‡∏¢‡∏µ,65,"‡∏°‡∏≤‡∏Å‡∏Å‡∏ß‡πà‡∏≤ 9,000 ‡∏ö‡∏≤‡∏ó","‡∏°‡∏∑‡πâ‡∏≠‡∏Å‡∏•‡∏≤‡∏á‡∏ß‡∏±‡∏ô, ‡∏°‡∏∑‡πâ‡∏≠‡πÄ‡∏¢‡πá‡∏ô, ‡∏°‡∏∑‡πâ‡∏≠‡∏î‡∏∂‡∏Å",101 - 200 ‡∏ö‡∏≤‡∏ó,"‡πÄ‡∏õ‡∏£‡∏µ‡πâ‡∏¢‡∏ß, ‡πÄ‡∏Ñ‡πá‡∏°, ‡∏´‡∏ß‡∏≤‡∏ô",‡πÑ‡∏°‡πà‡πÅ‡∏û‡πâ‡∏≠‡∏≤‡∏´‡∏≤‡∏£‡∏´‡∏£‡∏∑‡∏≠‡∏°‡∏µ‡∏Ç‡πâ‡∏≠‡∏à‡∏≥‡∏Å‡∏±‡∏î‡πÉ‡∏î ‡πÜ,‡∏´‡∏°‡∏≤‡∏•‡πà‡∏≤‡∏ñ‡∏±‡πà‡∏á,‡∏≠‡∏£‡πà‡∏≠‡∏¢,‡∏°‡∏≤‡∏°‡πà‡∏≤‡∏ï‡πâ‡∏°‡∏¢‡∏≥‡∏Å‡∏∏‡πâ‡∏á‡∏ô‡πâ‡∏≥‡∏Ç‡πâ‡∏ô,‡∏ó‡∏≥‡πÑ‡∏î‡πâ‡∏á‡πà‡∏≤‡∏¢ ‡∏£‡∏ß‡∏î‡πÄ‡∏£‡πá‡∏ß,2,‡πÇ‡∏£‡∏á‡∏≠‡∏≤‡∏´‡∏≤‡∏£‡∏Ñ‡∏ì‡∏∞‡∏ß‡∏¥‡∏®‡∏ß‡∏∞‡∏Ø,‡πÄ‡∏û‡∏£‡∏≤‡∏∞‡∏ß‡πà‡∏≤‡πÉ‡∏Å‡∏•‡πâ‡∏´‡πâ‡∏≠‡∏á‡πÄ‡∏£‡∏µ‡∏¢‡∏ô,3,3,5,5,4,2,,4,3,‡πÑ‡∏°‡πà‡∏°‡∏µ,
3/28/2024 16:27:17,‡∏¢‡∏¥‡∏ô‡∏¢‡∏≠‡∏°,‡∏´‡∏ç‡∏¥‡∏á,18-24 ‡∏õ‡∏µ,‡∏Ñ‡∏ì‡∏∞‡∏ß‡∏¥‡∏ó‡∏¢‡∏≤‡∏®‡∏≤‡∏™‡∏ï‡∏£‡πå ‡πÅ‡∏•‡∏∞‡πÄ‡∏ó‡∏Ñ‡πÇ‡∏ô‡πÇ‡∏•‡∏¢‡∏µ,65,"7,001 - 9,000 ‡∏ö‡∏≤‡∏ó","‡∏°‡∏∑‡πâ‡∏≠‡∏Å‡∏•‡∏≤‡∏á‡∏ß‡∏±‡∏ô, ‡∏°‡∏∑‡πâ‡∏≠‡πÄ‡∏¢‡πá‡∏ô, ‡∏°‡∏∑‡πâ‡∏≠‡∏î‡∏∂‡∏Å",51 - 100 ‡∏ö‡∏≤‡∏ó,"‡πÄ‡∏õ‡∏£‡∏µ‡πâ‡∏¢‡∏ß, ‡πÄ‡∏Ñ‡πá‡∏°, ‡∏´‡∏ß‡∏≤‡∏ô",‡πÅ‡∏û‡πâ‡∏ô‡πâ‡∏≥‡∏ï‡∏≤‡∏•‡πÅ‡∏•‡∏Ñ‡πÇ‡∏ï‡∏™ (Lactose intolerance),‡∏°‡∏≤‡∏°‡πà‡∏≤‡πÄ‡∏Å‡∏≤‡∏´‡∏•‡∏µ,‡∏≠‡∏£‡πà‡∏≠‡∏¢,‡∏°‡∏≤‡∏°‡πà‡∏≤‡πÄ‡∏Å‡∏≤‡∏´‡∏•‡∏µ,‡∏Å‡∏¥‡∏ô‡∏á‡πà‡∏≤‡∏¢ ‡∏≠‡∏£‡πà‡∏≠‡∏¢ ‡∏ï‡∏¥‡∏î,3,‡πÇ‡∏£‡∏á‡∏≠‡∏≤‡∏´‡∏≤‡∏£‡∏Ñ‡∏ì‡∏∞‡∏ß‡∏¥‡∏ó‡∏¢‡πå,‡πÉ‡∏Å‡∏•‡πâ,3,3,2,3,1,2,1,3,4,‡∏°‡∏µ,‡πÄ‡∏≠‡∏≤‡∏£‡πâ‡∏≤‡∏ô3‡∏Å‡∏•‡∏±‡∏ö‡∏°‡∏≤üòû
3/28/2024 18:02:20,‡∏¢‡∏¥‡∏ô‡∏¢‡∏≠‡∏°,‡∏ä‡∏≤‡∏¢,18-24 ‡∏õ‡∏µ,‡∏Ñ‡∏ì‡∏∞‡∏ß‡∏¥‡∏®‡∏ß‡∏Å‡∏£‡∏£‡∏°‡∏®‡∏≤‡∏™‡∏ï‡∏£‡πå,65,"‡∏ï‡πà‡∏≥‡∏Å‡∏ß‡πà‡∏≤ 3,000 ‡∏ö‡∏≤‡∏ó","‡∏°‡∏∑‡πâ‡∏≠‡πÄ‡∏ä‡πâ‡∏≤, ‡∏°‡∏∑‡πâ‡∏≠‡∏Å‡∏•‡∏≤‡∏á‡∏ß‡∏±‡∏ô, ‡∏°‡∏∑‡πâ‡∏≠‡πÄ‡∏¢‡πá‡∏ô",101 - 200 ‡∏ö‡∏≤‡∏ó,‡πÄ‡∏Ñ‡πá‡∏°,‡∏°‡∏±‡∏á‡∏™‡∏ß‡∏¥‡∏£‡∏±‡∏ï‡∏¥ (Vegetarian),‡πÑ‡∏Å‡πà,‡∏≠‡∏£‡πà‡∏≠‡∏¢,‡∏Ç‡πâ‡∏≤‡∏ß,‡∏≠‡∏£‡πà‡∏≠‡∏¢,0,‡πÇ‡∏£‡∏á‡∏≠‡∏≤‡∏´‡∏≤‡∏£ Green Canteen,‡∏ä‡∏∑‡πà‡∏≠‡πÄ‡∏´‡∏°‡∏∑‡∏≠‡∏ô‡∏ô‡πâ‡∏≠‡∏á,3,3,3,3,3,3,3,3,3,‡∏°‡∏µ,‡∏ñ‡∏π‡∏Å
3/28/2024 20:22:17,‡∏¢‡∏¥‡∏ô‡∏¢‡∏≠‡∏°,‡∏´‡∏ç‡∏¥‡∏á,18-24 ‡∏õ‡∏µ,‡∏Ñ‡∏ì‡∏∞‡∏ß‡∏¥‡∏ó‡∏¢‡∏≤‡∏Å‡∏≤‡∏£‡πÄ‡∏£‡∏µ‡∏¢‡∏ô‡∏£‡∏π‡πâ ‡πÅ‡∏•‡∏∞‡∏®‡∏∂‡∏Å‡∏©‡∏≤‡∏®‡∏≤‡∏™‡∏ï‡∏£‡πå,64,"‡∏°‡∏≤‡∏Å‡∏Å‡∏ß‡πà‡∏≤ 9,000 ‡∏ö‡∏≤‡∏ó","‡∏°‡∏∑‡πâ‡∏≠‡∏Å‡∏•‡∏≤‡∏á‡∏ß‡∏±‡∏ô, ‡∏°‡∏∑‡πâ‡∏≠‡πÄ‡∏¢‡πá‡∏ô, ‡∏°‡∏∑‡πâ‡∏≠‡∏î‡∏∂‡∏Å",30 - 50 ‡∏ö‡∏≤‡∏ó,"‡πÄ‡∏õ‡∏£‡∏µ‡πâ‡∏¢‡∏ß, ‡πÄ‡∏Ñ‡πá‡∏°",‡πÑ‡∏°‡πà‡πÅ‡∏û‡πâ‡∏≠‡∏≤‡∏´‡∏≤‡∏£‡∏´‡∏£‡∏∑‡∏≠‡∏°‡∏µ‡∏Ç‡πâ‡∏≠‡∏à‡∏≥‡∏Å‡∏±‡∏î‡πÉ‡∏î ‡πÜ,‡∏Ç‡πâ‡∏≤‡∏ß‡πÑ‡∏Ç‡πà‡∏Ç‡πâ‡∏ô,"‡∏ó‡∏≤‡∏ô‡∏á‡πà‡∏≤‡∏¢, ‡∏≠‡∏£‡πà‡∏≠‡∏¢",‡∏™‡πâ‡∏°‡∏ï‡∏≥‡∏õ‡∏π‡∏õ‡∏•‡∏≤‡∏£‡πâ‡∏≤,‡∏ó‡∏≤‡∏ô‡∏á‡πà‡∏≤‡∏¢‡πÅ‡∏•‡∏∞‡∏°‡∏µ‡∏£‡∏™‡∏ä‡∏≤‡∏ï‡∏¥‡∏à‡∏±‡∏î‡∏à‡πâ‡∏≤‡∏ô,3,‡πÇ‡∏£‡∏á‡∏≠‡∏≤‡∏´‡∏≤‡∏£ SC,‡πÉ‡∏Å‡∏•‡πâ‡∏ó‡∏µ‡πà‡∏™‡∏∏‡∏î‡πÅ‡∏•‡∏∞‡∏°‡∏µ‡∏≠‡∏≤‡∏´‡∏≤‡∏£‡∏ó‡∏µ‡πà‡∏´‡∏•‡∏≤‡∏Å‡∏´‡∏•‡∏≤‡∏¢,2,1,5,5,5,2,3,5,5,‡πÑ‡∏°‡πà‡∏°‡∏µ,
3/28/2024 21:31:23,‡∏¢‡∏¥‡∏ô‡∏¢‡∏≠‡∏°,‡∏´‡∏ç‡∏¥‡∏á,18-24 ‡∏õ‡∏µ,‡∏Ñ‡∏ì‡∏∞‡∏ß‡∏¥‡∏ó‡∏¢‡∏≤‡∏®‡∏≤‡∏™‡∏ï‡∏£‡πå ‡πÅ‡∏•‡∏∞‡πÄ‡∏ó‡∏Ñ‡πÇ‡∏ô‡πÇ‡∏•‡∏¢‡∏µ,65,"‡∏ï‡πà‡∏≥‡∏Å‡∏ß‡πà‡∏≤ 3,000 ‡∏ö‡∏≤‡∏ó","‡∏°‡∏∑‡πâ‡∏≠‡πÄ‡∏ä‡πâ‡∏≤, ‡∏°‡∏∑‡πâ‡∏≠‡∏Å‡∏•‡∏≤‡∏á‡∏ß‡∏±‡∏ô, ‡∏°‡∏∑‡πâ‡∏≠‡πÄ‡∏¢‡πá‡∏ô, ‡∏°‡∏∑‡πâ‡∏≠‡∏î‡∏∂‡∏Å",101 - 200 ‡∏ö‡∏≤‡∏ó,"‡πÄ‡∏ú‡πá‡∏î, ‡πÄ‡∏õ‡∏£‡∏µ‡πâ‡∏¢‡∏ß, ‡πÄ‡∏Ñ‡πá‡∏°, ‡∏´‡∏ß‡∏≤‡∏ô",‡πÑ‡∏°‡πà‡πÅ‡∏û‡πâ‡∏≠‡∏≤‡∏´‡∏≤‡∏£‡∏´‡∏£‡∏∑‡∏≠‡∏°‡∏µ‡∏Ç‡πâ‡∏≠‡∏à‡∏≥‡∏Å‡∏±‡∏î‡πÉ‡∏î ‡πÜ,‡∏´‡∏°‡∏π‡∏Å‡∏£‡∏∞‡∏ó‡∏∞ ‡∏ä‡∏≤‡∏ö‡∏π,‡∏´‡∏•‡∏≤‡∏Å‡∏´‡∏•‡∏≤‡∏¢,‡∏ô‡πâ‡∏≥‡∏û‡∏£‡∏¥‡∏Å‡∏ú‡∏±‡∏Å‡∏ó‡∏≠‡∏î,‡∏≠‡∏£‡πà‡∏≠‡∏¢,6,‡πÇ‡∏£‡∏á‡∏≠‡∏≤‡∏´‡∏≤‡∏£ SC,‡∏°‡∏µ‡∏≠‡∏≤‡∏´‡∏≤‡∏£‡πÅ‡∏•‡∏∞‡∏Ç‡∏≠‡∏á‡∏ó‡∏µ‡πà‡∏≠‡∏¢‡∏≤‡∏Å‡∏Å‡∏¥‡∏ô‡πÄ‡∏¢‡∏≠‡∏∞ ‡∏°‡∏µ‡πÉ‡∏´‡πâ‡πÄ‡∏•‡∏∑‡∏≠‡∏Å‡∏´‡∏•‡∏≤‡∏Å‡∏´‡∏•‡∏≤‡∏¢,3,5,5,2,2,4,4,5,5,‡πÑ‡∏°‡πà‡∏°‡∏µ,
3/29/2024 16:17:37,‡∏¢‡∏¥‡∏ô‡∏¢‡∏≠‡∏°,‡∏´‡∏ç‡∏¥‡∏á,18-24 ‡∏õ‡∏µ,‡∏Ñ‡∏ì‡∏∞‡∏ß‡∏¥‡∏ó‡∏¢‡∏≤‡∏®‡∏≤‡∏™‡∏ï‡∏£‡πå ‡πÅ‡∏•‡∏∞‡πÄ‡∏ó‡∏Ñ‡πÇ‡∏ô‡πÇ‡∏•‡∏¢‡∏µ,65,"‡∏°‡∏≤‡∏Å‡∏Å‡∏ß‡πà‡∏≤ 9,000 ‡∏ö‡∏≤‡∏ó","‡∏°‡∏∑‡πâ‡∏≠‡∏Å‡∏•‡∏≤‡∏á‡∏ß‡∏±‡∏ô, ‡∏°‡∏∑‡πâ‡∏≠‡πÄ‡∏¢‡πá‡∏ô",51 - 100 ‡∏ö‡∏≤‡∏ó,‡∏´‡∏ß‡∏≤‡∏ô,‡πÑ‡∏°‡πà‡πÅ‡∏û‡πâ‡∏≠‡∏≤‡∏´‡∏≤‡∏£‡∏´‡∏£‡∏∑‡∏≠‡∏°‡∏µ‡∏Ç‡πâ‡∏≠‡∏à‡∏≥‡∏Å‡∏±‡∏î‡πÉ‡∏î ‡πÜ,‡πÑ‡∏Å‡πà‡∏≠‡∏ö,‡∏≠‡∏£‡πà‡∏≠‡∏¢,‡∏Ç‡πâ‡∏≤‡∏ß‡πÑ‡∏Å‡πà‡∏ó‡∏≠‡∏î,‡∏£‡πâ‡∏£‡πâ‡∏≤‡∏ô‡∏≠‡∏¢‡∏π‡πà‡πÉ‡∏Å‡∏•‡πâ‡∏´‡∏≠,2,‡πÇ‡∏£‡∏á‡∏≠‡∏≤‡∏´‡∏≤‡∏£‡∏Ñ‡∏ì‡∏∞‡∏ß‡∏¥‡∏ó‡∏¢‡πå,‡∏ó‡∏µ‡πà‡πÄ‡∏£‡∏µ‡∏¢‡∏ô‡πÉ‡∏Å‡∏•‡πâ‡πÇ‡∏£‡∏á‡∏≠‡∏≤‡∏´‡∏≤‡∏£,3,4,5,5,5,4,5,5,5,‡∏°‡∏µ,‡πÄ‡∏û‡∏¥‡πà‡∏°‡∏£‡πâ‡∏≤‡∏ô‡∏≠‡∏≤‡∏´‡∏≤‡∏£‡∏ó‡∏µ‡πà‡∏°‡∏µ‡∏£‡∏™‡∏ä‡∏≤‡∏ï‡∏¥‡∏î‡∏µ‡∏Å‡∏ß‡πà‡∏≤‡∏ô‡∏µ‡πâ ‡πÅ‡∏•‡∏∞‡πÄ‡∏û‡∏¥‡πà‡∏°‡∏ó‡∏µ‡πà‡∏ô‡∏±‡πà‡∏á‡∏£‡∏±‡∏ö‡∏õ‡∏£‡∏∞‡∏ó‡∏≤‡∏ô‡∏≠‡∏≤‡∏´‡∏≤‡∏£
3/31/2024 0:22:03,‡∏¢‡∏¥‡∏ô‡∏¢‡∏≠‡∏°,‡∏´‡∏ç‡∏¥‡∏á,18-24 ‡∏õ‡∏µ,‡∏Ñ‡∏ì‡∏∞‡∏ß‡∏¥‡∏ó‡∏¢‡∏≤‡∏®‡∏≤‡∏™‡∏ï‡∏£‡πå ‡πÅ‡∏•‡∏∞‡πÄ‡∏ó‡∏Ñ‡πÇ‡∏ô‡πÇ‡∏•‡∏¢‡∏µ,65,"5,001 - 7,000 ‡∏ö‡∏≤‡∏ó","‡∏°‡∏∑‡πâ‡∏≠‡∏Å‡∏•‡∏≤‡∏á‡∏ß‡∏±‡∏ô, ‡∏°‡∏∑‡πâ‡∏≠‡πÄ‡∏¢‡πá‡∏ô",51 - 100 ‡∏ö‡∏≤‡∏ó,‡πÄ‡∏ú‡πá‡∏î,‡πÑ‡∏°‡πà‡πÅ‡∏û‡πâ‡∏≠‡∏≤‡∏´‡∏≤‡∏£‡∏´‡∏£‡∏∑‡∏≠‡∏°‡∏µ‡∏Ç‡πâ‡∏≠‡∏à‡∏≥‡∏Å‡∏±‡∏î‡πÉ‡∏î ‡πÜ,‡∏£‡∏≤‡πÄ‡∏°‡∏á,‡∏≠‡∏£‡πà‡∏≠‡∏¢,‡∏¢‡∏≥‡∏°‡∏≤‡∏°‡πà‡∏≤(‡∏¢‡∏≥‡∏¢‡∏π‡∏õ‡πâ‡∏≤),‡πÇ‡∏£‡∏á‡∏≠‡∏≤‡∏´‡∏≤‡∏£‡∏ó‡∏µ‡πà‡πÉ‡∏Å‡∏•‡πâ‡∏ó‡∏µ‡πà‡πÄ‡∏£‡∏µ‡∏¢‡∏ô‡πÄ‡∏°‡∏ô‡∏π‡∏ô‡∏µ‡πâ‡∏≠‡∏£‡πà‡∏≠‡∏¢‡∏™‡∏∏‡∏î,4,‡πÇ‡∏£‡∏á‡∏≠‡∏≤‡∏´‡∏≤‡∏£ Green Canteen,‡∏≠‡∏≤‡∏´‡∏≤‡∏£‡∏≠‡∏£‡πà‡∏≠‡∏¢‡∏™‡∏∏‡∏î‡πÉ‡∏ô‡∏ö‡∏£‡∏£‡∏î‡∏≤‡πÇ‡∏£‡∏á‡∏≠‡∏≤‡∏´‡∏≤‡∏£‡∏ó‡∏±‡πâ‡∏á‡∏´‡∏°‡∏î,4,3,5,4,2,2,3,3,5,‡∏°‡∏µ,‡∏≠‡∏¢‡∏≤‡∏Å‡πÉ‡∏´‡πâ‡∏≠‡∏≤‡∏´‡∏≤‡∏£‡∏ö‡∏≤‡∏á‡πÇ‡∏£‡∏á‡∏≠‡∏≤‡∏´‡∏≤‡∏£‡∏°‡∏µ‡∏£‡∏™‡∏ä‡∏≤‡∏ï‡∏¥‡∏ó‡∏µ‡πà‡∏≠‡∏£‡πà‡∏≠‡∏¢‡∏Ç‡∏∂‡πâ‡∏ô
4/2/2024 11:43:28,‡∏¢‡∏¥‡∏ô‡∏¢‡∏≠‡∏°,‡∏´‡∏ç‡∏¥‡∏á,18-24 ‡∏õ‡∏µ,‡∏Ñ‡∏ì‡∏∞‡∏™‡∏±‡∏á‡∏Ñ‡∏°‡∏ß‡∏¥‡∏ó‡∏¢‡∏≤ ‡πÅ‡∏•‡∏∞‡∏°‡∏≤‡∏ô‡∏∏‡∏©‡∏¢‡∏ß‡∏¥‡∏ó‡∏¢‡∏≤,65,"7,001 - 9,000 ‡∏ö‡∏≤‡∏ó","‡∏°‡∏∑‡πâ‡∏≠‡∏Å‡∏•‡∏≤‡∏á‡∏ß‡∏±‡∏ô, ‡∏°‡∏∑‡πâ‡∏≠‡πÄ‡∏¢‡πá‡∏ô",51 - 100 ‡∏ö‡∏≤‡∏ó,"‡πÄ‡∏ú‡πá‡∏î, ‡πÄ‡∏õ‡∏£‡∏µ‡πâ‡∏¢‡∏ß, ‡πÄ‡∏Ñ‡πá‡∏°, ‡∏´‡∏ß‡∏≤‡∏ô",‡πÑ‡∏°‡πà‡πÅ‡∏û‡πâ‡∏≠‡∏≤‡∏´‡∏≤‡∏£‡∏´‡∏£‡∏∑‡∏≠‡∏°‡∏µ‡∏Ç‡πâ‡∏≠‡∏à‡∏≥‡∏Å‡∏±‡∏î‡πÉ‡∏î ‡πÜ,‡∏Å‡πã‡∏ß‡∏¢‡πÄ‡∏ï‡∏µ‡πã‡∏¢‡∏ß‡πÄ‡∏£‡∏∑‡∏≠,‡∏≠‡∏£‡πà‡∏≠‡∏¢,‡∏Å‡πã‡∏ß‡∏¢‡πÄ‡∏ï‡∏µ‡πã‡∏¢‡∏ß‡πÄ‡∏£‡∏∑‡∏≠,‡∏ä‡∏≠‡∏ö‡∏ö‡∏ö,1,‡πÇ‡∏£‡∏á‡∏≠‡∏≤‡∏´‡∏≤‡∏£ SC,‡πÉ‡∏Å‡∏•‡πâ‡∏≠‡∏≤‡∏Ñ‡∏≤‡∏£‡πÄ‡∏£‡∏µ‡∏¢‡∏ô,4,4,5,5,5,3,2,2,5,‡∏°‡∏µ,‡∏ï‡∏¥‡∏î‡∏ó‡∏µ‡πà‡∏Å‡∏±‡∏ô‡∏ô‡∏Å ‡∏Å‡∏•‡∏±‡∏ß‡∏ô‡∏Å‡∏°‡∏≤‡∏Å‡πÜ
4/2/2024 11:46:10,‡∏¢‡∏¥‡∏ô‡∏¢‡∏≠‡∏°,‡∏ä‡∏≤‡∏¢,18-24 ‡∏õ‡∏µ,‡∏Ñ‡∏ì‡∏∞‡∏™‡∏±‡∏á‡∏Ñ‡∏°‡∏ß‡∏¥‡∏ó‡∏¢‡∏≤ ‡πÅ‡∏•‡∏∞‡∏°‡∏≤‡∏ô‡∏∏‡∏©‡∏¢‡∏ß‡∏¥‡∏ó‡∏¢‡∏≤,65,"‡∏°‡∏≤‡∏Å‡∏Å‡∏ß‡πà‡∏≤ 9,000 ‡∏ö‡∏≤‡∏ó","‡∏°‡∏∑‡πâ‡∏≠‡πÄ‡∏ä‡πâ‡∏≤, ‡∏°‡∏∑‡πâ‡∏≠‡∏Å‡∏•‡∏≤‡∏á‡∏ß‡∏±‡∏ô, ‡∏°‡∏∑‡πâ‡∏≠‡πÄ‡∏¢‡πá‡∏ô",101 - 200 ‡∏ö‡∏≤‡∏ó,"‡πÄ‡∏ú‡πá‡∏î, ‡πÄ‡∏õ‡∏£‡∏µ‡πâ‡∏¢‡∏ß",‡πÑ‡∏°‡πà‡πÅ‡∏û‡πâ‡∏≠‡∏≤‡∏´‡∏≤‡∏£‡∏´‡∏£‡∏∑‡∏≠‡∏°‡∏µ‡∏Ç‡πâ‡∏≠‡∏à‡∏≥‡∏Å‡∏±‡∏î‡πÉ‡∏î ‡πÜ,‡∏Ç‡πâ‡∏≤‡∏ß‡∏¢‡∏≥‡∏Ñ‡∏≠‡∏´‡∏°‡∏π‡∏¢‡πà‡∏≤‡∏á,‡∏≠‡∏£‡πà‡∏≠‡∏¢,‡∏Ç‡πâ‡∏≤‡∏ß‡∏¢‡∏≥‡∏Ñ‡∏≠‡∏´‡∏°‡∏π‡∏¢‡πà‡∏≤‡∏á,‡∏ä‡∏≠‡∏ö,3,‡πÇ‡∏£‡∏á‡∏≠‡∏≤‡∏´‡∏≤‡∏£ SC,‡πÑ‡∏°‡πà‡∏£‡∏π‡πâ‡∏à‡∏∞‡πÑ‡∏õ‡∏ó‡∏µ‡πà‡πÑ‡∏´‡∏ô‡πÑ‡∏î‡πâ‡πÄ‡∏£‡∏µ‡∏¢‡∏ô‡∏≠‡∏ñ‡∏ß sc ,4,4,4,4,4,4,4,4,4,‡∏°‡∏µ,‡∏≠‡∏¢‡∏≤‡∏Å‡πÉ‡∏´‡πâ‡πÄ‡∏û‡∏¥‡πà‡∏°‡∏ó‡∏µ‡πà‡∏ô‡∏±‡πà‡∏á‡∏Ñ‡πà‡∏∞‡πÅ‡∏≠‡∏≠‡∏±‡∏î ‡∏£‡πâ‡∏≠‡∏ô‡∏Å‡πá‡∏£‡πâ‡∏≠‡∏ô ‡∏à‡∏£‡∏¥‡∏á‡∏•‡∏î‡∏£‡∏≤‡∏Ñ‡∏≤‡∏≠‡∏≤‡∏´‡∏≤‡∏£‡∏≠‡∏µ‡∏Å‡∏Å‡πá‡πÑ‡∏î‡πâ‡∏Ñ‡πà‡∏∞  ‡∏≠‡∏¢‡∏≤‡∏Å‡πÉ‡∏´‡πâ‡∏™‡∏∞‡∏≠‡∏≤‡∏î‡∏°‡∏≤‡∏Å‡∏Å‡∏ß‡πà‡∏≤‡∏ô‡∏µ‡πâ‡∏Ñ‡πà‡∏∞‡∏ö‡∏≤‡∏á‡∏ó‡∏µ‡∏°‡∏≤‡∏ï‡∏≠‡∏ô‡πÄ‡∏ä‡πâ‡∏≤‡πÄ‡∏Å‡πâ‡∏≤‡∏≠‡∏µ‡πâ‡∏¢‡∏±‡∏á‡πÄ‡∏õ‡∏∑‡πâ‡∏ô‡πÄ‡∏•‡∏¢‡∏Ñ‡πà‡∏∞ ‡∏†‡∏≤‡∏û‡∏£‡∏ß‡∏°‡∏Ñ‡∏∑‡∏≠‡∏≠‡πà‡∏≠‡∏°‡∏°‡∏≤‡∏Å
4/2/2024 11:52:06,‡∏¢‡∏¥‡∏ô‡∏¢‡∏≠‡∏°,‡∏´‡∏ç‡∏¥‡∏á,18-24 ‡∏õ‡∏µ,‡∏Ñ‡∏ì‡∏∞‡∏™‡∏±‡∏á‡∏Ñ‡∏°‡∏ß‡∏¥‡∏ó‡∏¢‡∏≤ ‡πÅ‡∏•‡∏∞‡∏°‡∏≤‡∏ô‡∏∏‡∏©‡∏¢‡∏ß‡∏¥‡∏ó‡∏¢‡∏≤,65,"5,001 - 7,000 ‡∏ö‡∏≤‡∏ó","‡∏°‡∏∑‡πâ‡∏≠‡∏Å‡∏•‡∏≤‡∏á‡∏ß‡∏±‡∏ô, ‡∏°‡∏∑‡πâ‡∏≠‡πÄ‡∏¢‡πá‡∏ô",30 - 50 ‡∏ö‡∏≤‡∏ó,"‡πÄ‡∏õ‡∏£‡∏µ‡πâ‡∏¢‡∏ß, ‡πÄ‡∏Ñ‡πá‡∏°, ‡∏´‡∏ß‡∏≤‡∏ô",‡πÑ‡∏°‡πà‡πÅ‡∏û‡πâ‡∏≠‡∏≤‡∏´‡∏≤‡∏£‡∏´‡∏£‡∏∑‡∏≠‡∏°‡∏µ‡∏Ç‡πâ‡∏≠‡∏à‡∏≥‡∏Å‡∏±‡∏î‡πÉ‡∏î ‡πÜ,‡∏Ç‡πâ‡∏≤‡∏ß‡∏´‡∏ô‡πâ‡∏≤‡πÄ‡∏õ‡πá‡∏î,‡∏≠‡∏£‡πà‡∏≠‡∏¢,‡∏ö‡∏∞‡∏´‡∏°‡∏µ‡πà‡∏Å‡∏∂‡πà‡∏á‡∏™‡∏≥‡πÄ‡∏£‡πá‡∏à‡∏£‡∏π‡∏õ,‡∏õ‡∏£‡∏±‡∏´‡∏¢‡∏±‡∏î‡πÄ‡∏á‡∏¥‡∏ô,3,‡πÇ‡∏£‡∏á‡∏≠‡∏≤‡∏´‡∏≤‡∏£ SC,‡πÉ‡∏Å‡∏•‡πâ‡∏ï‡∏∂‡∏Å‡πÄ‡∏£‡∏µ‡∏¢‡∏ô,4,4,4,4,5,3,3,3,4,‡πÑ‡∏°‡πà‡∏°‡∏µ,
4/2/2024 11:55:33,‡∏¢‡∏¥‡∏ô‡∏¢‡∏≠‡∏°,‡∏´‡∏ç‡∏¥‡∏á,18-24 ‡∏õ‡∏µ,‡∏Ñ‡∏ì‡∏∞‡∏™‡∏±‡∏á‡∏Ñ‡∏°‡∏ß‡∏¥‡∏ó‡∏¢‡∏≤ ‡πÅ‡∏•‡∏∞‡∏°‡∏≤‡∏ô‡∏∏‡∏©‡∏¢‡∏ß‡∏¥‡∏ó‡∏¢‡∏≤,64,"7,001 - 9,000 ‡∏ö‡∏≤‡∏ó","‡∏°‡∏∑‡πâ‡∏≠‡∏Å‡∏•‡∏≤‡∏á‡∏ß‡∏±‡∏ô, ‡∏°‡∏∑‡πâ‡∏≠‡πÄ‡∏¢‡πá‡∏ô",51 - 100 ‡∏ö‡∏≤‡∏ó,"‡πÄ‡∏ú‡πá‡∏î, ‡πÄ‡∏Ñ‡πá‡∏°, ‡∏´‡∏ß‡∏≤‡∏ô",‡πÑ‡∏°‡πà‡πÅ‡∏û‡πâ‡∏≠‡∏≤‡∏´‡∏≤‡∏£‡∏´‡∏£‡∏∑‡∏≠‡∏°‡∏µ‡∏Ç‡πâ‡∏≠‡∏à‡∏≥‡∏Å‡∏±‡∏î‡πÉ‡∏î ‡πÜ,‡∏™‡πâ‡∏°‡∏ï‡∏≥,‡∏≠‡∏£‡πà‡∏≠‡∏¢,‡∏Ç‡πâ‡∏≤‡∏ß‡∏ï‡πà‡∏≤‡∏á ‡πÜ ‡∏ó‡∏≥‡∏Å‡∏¥‡∏ô‡πÄ‡∏≠‡∏á,‡∏õ‡∏£‡∏∞‡∏´‡∏¢‡∏±‡∏î‡∏Ñ‡πà‡∏≤‡πÉ‡∏ä‡πâ‡∏à‡πà‡∏≤‡∏¢,2,‡πÇ‡∏£‡∏á‡∏≠‡∏≤‡∏´‡∏≤‡∏£ SC,‡πÉ‡∏Å‡∏•‡πâ‡∏ï‡∏∂‡∏Å,5,5,5,4,2,4,5,5,5,‡πÑ‡∏°‡πà‡∏°‡∏µ,
4/2/2024 12:10:29,‡∏¢‡∏¥‡∏ô‡∏¢‡∏≠‡∏°,‡∏´‡∏ç‡∏¥‡∏á,18-24 ‡∏õ‡∏µ,‡∏Ñ‡∏ì‡∏∞‡∏™‡∏±‡∏á‡∏Ñ‡∏°‡∏ß‡∏¥‡∏ó‡∏¢‡∏≤ ‡πÅ‡∏•‡∏∞‡∏°‡∏≤‡∏ô‡∏∏‡∏©‡∏¢‡∏ß‡∏¥‡∏ó‡∏¢‡∏≤,65,"‡∏°‡∏≤‡∏Å‡∏Å‡∏ß‡πà‡∏≤ 9,000 ‡∏ö‡∏≤‡∏ó","‡∏°‡∏∑‡πâ‡∏≠‡∏Å‡∏•‡∏≤‡∏á‡∏ß‡∏±‡∏ô, ‡∏°‡∏∑‡πâ‡∏≠‡πÄ‡∏¢‡πá‡∏ô",51 - 100 ‡∏ö‡∏≤‡∏ó,"‡πÄ‡∏ú‡πá‡∏î, ‡πÄ‡∏õ‡∏£‡∏µ‡πâ‡∏¢‡∏ß, ‡∏´‡∏ß‡∏≤‡∏ô",‡πÑ‡∏°‡πà‡πÅ‡∏û‡πâ‡∏≠‡∏≤‡∏´‡∏≤‡∏£‡∏´‡∏£‡∏∑‡∏≠‡∏°‡∏µ‡∏Ç‡πâ‡∏≠‡∏à‡∏≥‡∏Å‡∏±‡∏î‡πÉ‡∏î ‡πÜ,‡∏ã‡∏π‡∏ä‡∏¥,"‡∏ä‡∏≠‡∏ö‡∏ß‡∏±‡∏ï‡∏ñ‡∏∏‡∏î‡∏¥‡∏ö, ‡∏´‡∏•‡∏≤‡∏Å‡∏´‡∏•‡∏≤‡∏¢",‡∏Å‡πã‡∏ß‡∏¢‡πÄ‡∏ï‡∏µ‡πã‡∏¢‡∏ß, ‡∏á‡πà‡∏≤‡∏¢‡πÅ‡∏•‡∏∞‡πÄ‡∏£‡πá‡∏ß ‡∏£‡∏≤‡∏Ñ‡∏≤‡∏ñ‡∏π‡∏Å,2,‡πÇ‡∏£‡∏á‡∏≠‡∏≤‡∏´‡∏≤‡∏£ SC,‡πÉ‡∏Å‡∏•‡πâ‡∏≠‡∏≤‡∏Ñ‡∏≤‡∏£‡πÄ‡∏£‡∏µ‡∏¢‡∏ô,4,5,5,5,5,5,3,5,5,‡∏°‡∏µ,‡πÄ‡∏û‡∏¥‡πà‡∏°‡∏û‡∏±‡∏î‡∏•‡∏°‡πÉ‡∏ô‡πÇ‡∏£‡∏á‡∏≠‡∏≤‡∏´‡∏≤‡∏£ 
4/2/2024 12:15:12,‡∏¢‡∏¥‡∏ô‡∏¢‡∏≠‡∏°,‡∏´‡∏ç‡∏¥‡∏á,18-24 ‡∏õ‡∏µ,‡∏Ñ‡∏ì‡∏∞‡∏™‡∏±‡∏á‡∏Ñ‡∏°‡∏ß‡∏¥‡∏ó‡∏¢‡∏≤ ‡πÅ‡∏•‡∏∞‡∏°‡∏≤‡∏ô‡∏∏‡∏©‡∏¢‡∏ß‡∏¥‡∏ó‡∏¢‡∏≤,65,"7,001 - 9,000 ‡∏ö‡∏≤‡∏ó","‡∏°‡∏∑‡πâ‡∏≠‡∏Å‡∏•‡∏≤‡∏á‡∏ß‡∏±‡∏ô, ‡∏°‡∏∑‡πâ‡∏≠‡πÄ‡∏¢‡πá‡∏ô, ‡∏°‡∏∑‡πâ‡∏≠‡∏î‡∏∂‡∏Å",101 - 200 ‡∏ö‡∏≤‡∏ó,"‡πÄ‡∏ú‡πá‡∏î, ‡πÄ‡∏Ñ‡πá‡∏°",‡πÑ‡∏°‡πà‡πÅ‡∏û‡πâ‡∏≠‡∏≤‡∏´‡∏≤‡∏£‡∏´‡∏£‡∏∑‡∏≠‡∏°‡∏µ‡∏Ç‡πâ‡∏≠‡∏à‡∏≥‡∏Å‡∏±‡∏î‡πÉ‡∏î ‡πÜ,‡∏õ‡∏¥‡πâ‡∏á‡∏¢‡πà‡∏≤‡∏á,‡∏´‡∏•‡∏≤‡∏Å‡∏´‡∏•‡∏≤‡∏¢,‡∏Å‡πã‡∏ß‡∏¢‡πÄ‡∏ï‡∏µ‡πã‡∏¢‡∏ß,‡∏™‡∏∞‡∏î‡∏ß‡∏Å ,2,‡πÇ‡∏£‡∏á‡∏≠‡∏≤‡∏´‡∏≤‡∏£ SC,‡πÉ‡∏Å‡∏•‡πâ‡∏ï‡∏∂‡∏Å‡πÄ‡∏£‡∏µ‡∏¢‡∏ô,3,4,4,3,5,1,2,3,5,‡πÑ‡∏°‡πà‡∏°‡∏µ,
4/2/2024 12:31:48,‡∏¢‡∏¥‡∏ô‡∏¢‡∏≠‡∏°,‡∏ä‡∏≤‡∏¢,18-24 ‡∏õ‡∏µ,‡∏™‡∏ñ‡∏≤‡∏ö‡∏±‡∏ô‡πÄ‡∏ó‡∏Ñ‡πÇ‡∏ô‡πÇ‡∏•‡∏¢‡∏µ‡∏ô‡∏≤‡∏ô‡∏≤‡∏ä‡∏≤‡∏ï‡∏¥‡∏™‡∏¥‡∏£‡∏¥‡∏ô‡∏ò‡∏£,65,"7,001 - 9,000 ‡∏ö‡∏≤‡∏ó","‡∏°‡∏∑‡πâ‡∏≠‡πÄ‡∏ä‡πâ‡∏≤, ‡∏°‡∏∑‡πâ‡∏≠‡∏Å‡∏•‡∏≤‡∏á‡∏ß‡∏±‡∏ô, ‡∏°‡∏∑‡πâ‡∏≠‡πÄ‡∏¢‡πá‡∏ô",51 - 100 ‡∏ö‡∏≤‡∏ó,"‡πÄ‡∏ú‡πá‡∏î, ‡πÄ‡∏Ñ‡πá‡∏°, ‡∏´‡∏ß‡∏≤‡∏ô",‡πÑ‡∏°‡πà‡πÅ‡∏û‡πâ‡∏≠‡∏≤‡∏´‡∏≤‡∏£‡∏´‡∏£‡∏∑‡∏≠‡∏°‡∏µ‡∏Ç‡πâ‡∏≠‡∏à‡∏≥‡∏Å‡∏±‡∏î‡πÉ‡∏î ‡πÜ,‡∏Å‡∏∞‡πÄ‡∏û‡∏£‡∏≤‡πÄ‡∏ô‡∏∑‡πâ‡∏≠‡∏™‡∏±‡∏ö,‡∏≠‡∏£‡πà‡∏≠‡∏¢,‡∏Å‡∏∞‡πÄ‡∏û‡∏£‡∏≤‡πÄ‡∏ô‡∏∑‡πâ‡∏≠‡∏™‡∏±‡∏ö,‡∏ä‡∏≠‡∏ö‡∏£‡∏™‡∏Ç‡∏≠‡∏á‡πÄ‡∏ô‡∏∑‡πâ‡∏≠‡πÅ‡∏•‡∏∞‡∏£‡∏™‡∏Ñ‡∏ß‡∏≤‡∏°‡πÄ‡∏Ñ‡πá‡∏°‡∏Ç‡∏≠‡∏á‡∏Å‡∏∞‡πÄ‡∏û‡∏£‡∏≤,7,‡πÇ‡∏£‡∏á‡∏≠‡∏≤‡∏´‡∏≤‡∏£‡∏Ñ‡∏ì‡∏∞‡∏ß‡∏¥‡∏®‡∏ß‡∏∞‡∏Ø,‡∏≠‡∏¢‡∏π‡πà‡πÉ‡∏Å‡∏•‡πâ‡∏Ñ‡∏ì‡∏∞ ‡∏≠‡∏≤‡∏´‡∏≤‡∏£‡∏£‡∏™‡∏ä‡∏≤‡∏ï‡∏¥‡∏î‡∏µ,4,4,4,4,4,4,1,4,4,‡πÑ‡∏°‡πà‡∏°‡∏µ,
4/2/2024 12:48:13,‡∏¢‡∏¥‡∏ô‡∏¢‡∏≠‡∏°,‡∏´‡∏ç‡∏¥‡∏á,18-24 ‡∏õ‡∏µ,‡∏™‡∏ñ‡∏≤‡∏ö‡∏±‡∏ô‡πÄ‡∏ó‡∏Ñ‡πÇ‡∏ô‡πÇ‡∏•‡∏¢‡∏µ‡∏ô‡∏≤‡∏ô‡∏≤‡∏ä‡∏≤‡∏ï‡∏¥‡∏™‡∏¥‡∏£‡∏¥‡∏ô‡∏ò‡∏£,65,"3,000 - 5,000 ‡∏ö‡∏≤‡∏ó","‡∏°‡∏∑‡πâ‡∏≠‡∏Å‡∏•‡∏≤‡∏á‡∏ß‡∏±‡∏ô, ‡∏°‡∏∑‡πâ‡∏≠‡πÄ‡∏¢‡πá‡∏ô, ‡∏°‡∏∑‡πâ‡∏≠‡∏î‡∏∂‡∏Å",101 - 200 ‡∏ö‡∏≤‡∏ó,"‡πÄ‡∏ú‡πá‡∏î, ‡πÄ‡∏õ‡∏£‡∏µ‡πâ‡∏¢‡∏ß, ‡πÄ‡∏Ñ‡πá‡∏°, ‡∏´‡∏ß‡∏≤‡∏ô",‡πÑ‡∏°‡πà‡πÅ‡∏û‡πâ‡∏≠‡∏≤‡∏´‡∏≤‡∏£‡∏´‡∏£‡∏∑‡∏≠‡∏°‡∏µ‡∏Ç‡πâ‡∏≠‡∏à‡∏≥‡∏Å‡∏±‡∏î‡πÉ‡∏î ‡πÜ,‡∏Ç‡πâ‡∏≤‡∏ß‡∏¢‡∏≥‡πÑ‡∏Å‡πà‡∏ó‡∏≠‡∏î,"‡∏ó‡∏≤‡∏ô‡∏á‡πà‡∏≤‡∏¢, ‡∏™‡∏∞‡∏î‡∏ß‡∏Å",‡∏Ç‡πâ‡∏≤‡∏ß‡∏°‡∏±‡∏ô‡πÑ‡∏Å‡πà,‡∏á‡πà‡∏≤‡∏¢‡∏ï‡πà‡∏≠‡∏Å‡∏≤‡∏£‡∏ã‡∏∑‡πâ‡∏≠,5,‡πÇ‡∏£‡∏á‡∏≠‡∏≤‡∏´‡∏≤‡∏£‡∏Ñ‡∏ì‡∏∞‡∏ß‡∏¥‡∏®‡∏ß‡∏∞‡∏Ø,‡πÉ‡∏Å‡∏•‡πâ‡∏Ñ‡∏ì‡∏∞,5,4,4,2,1,1,1,5,3,‡∏°‡∏µ,‡∏Ñ‡∏ß‡∏£‡∏û‡∏¥‡∏à‡∏≤‡∏£‡∏ì‡∏≤‡πÄ‡∏£‡∏∑‡πà‡∏≠‡∏á‡∏Ñ‡∏ß‡∏≤‡∏°‡∏™‡∏∞‡∏≠‡∏≤‡∏î
4/2/2024 12:48:21,‡∏¢‡∏¥‡∏ô‡∏¢‡∏≠‡∏°,‡∏´‡∏ç‡∏¥‡∏á,18-24 ‡∏õ‡∏µ,‡∏™‡∏ñ‡∏≤‡∏ö‡∏±‡∏ô‡πÄ‡∏ó‡∏Ñ‡πÇ‡∏ô‡πÇ‡∏•‡∏¢‡∏µ‡∏ô‡∏≤‡∏ô‡∏≤‡∏ä‡∏≤‡∏ï‡∏¥‡∏™‡∏¥‡∏£‡∏¥‡∏ô‡∏ò‡∏£,65,"‡∏°‡∏≤‡∏Å‡∏Å‡∏ß‡πà‡∏≤ 9,000 ‡∏ö‡∏≤‡∏ó","‡∏°‡∏∑‡πâ‡∏≠‡∏Å‡∏•‡∏≤‡∏á‡∏ß‡∏±‡∏ô, ‡∏°‡∏∑‡πâ‡∏≠‡πÄ‡∏¢‡πá‡∏ô",101 - 200 ‡∏ö‡∏≤‡∏ó,"‡πÄ‡∏õ‡∏£‡∏µ‡πâ‡∏¢‡∏ß, ‡∏´‡∏ß‡∏≤‡∏ô",‡πÑ‡∏°‡πà‡πÅ‡∏û‡πâ‡∏≠‡∏≤‡∏´‡∏≤‡∏£‡∏´‡∏£‡∏∑‡∏≠‡∏°‡∏µ‡∏Ç‡πâ‡∏≠‡∏à‡∏≥‡∏Å‡∏±‡∏î‡πÉ‡∏î ‡πÜ,‡∏Å‡∏∞‡πÄ‡∏û‡∏£‡∏≤‡πÄ‡∏ï‡πâ‡∏≤‡∏´‡∏π‡πâ‡∏´‡∏°‡∏π‡∏™‡∏±‡∏ö,‡∏≠‡∏£‡πà‡∏≠‡∏¢,‡∏Ñ‡∏≠‡∏´‡∏°‡∏π‡∏¢‡πà‡∏≤‡∏á,‡∏ó‡∏≤‡∏ô‡∏á‡πà‡∏≤‡∏¢,3,‡πÇ‡∏£‡∏á‡∏≠‡∏≤‡∏´‡∏≤‡∏£‡∏Ñ‡∏ì‡∏∞‡∏ß‡∏¥‡∏®‡∏ß‡∏∞‡∏Ø,‡πÉ‡∏Å‡∏•‡πâ‡∏Ñ‡∏ì‡∏∞,3,3,3,2,2,3,2,3,3,‡πÑ‡∏°‡πà‡∏°‡∏µ,
4/2/2024 12:49:02,‡∏¢‡∏¥‡∏ô‡∏¢‡∏≠‡∏°,‡∏´‡∏ç‡∏¥‡∏á,18-24 ‡∏õ‡∏µ,‡∏™‡∏ñ‡∏≤‡∏ö‡∏±‡∏ô‡πÄ‡∏ó‡∏Ñ‡πÇ‡∏ô‡πÇ‡∏•‡∏¢‡∏µ‡∏ô‡∏≤‡∏ô‡∏≤‡∏ä‡∏≤‡∏ï‡∏¥‡∏™‡∏¥‡∏£‡∏¥‡∏ô‡∏ò‡∏£,65,"5,001 - 7,000 ‡∏ö‡∏≤‡∏ó","‡∏°‡∏∑‡πâ‡∏≠‡πÄ‡∏ä‡πâ‡∏≤, ‡∏°‡∏∑‡πâ‡∏≠‡∏Å‡∏•‡∏≤‡∏á‡∏ß‡∏±‡∏ô, ‡∏°‡∏∑‡πâ‡∏≠‡πÄ‡∏¢‡πá‡∏ô",51 - 100 ‡∏ö‡∏≤‡∏ó,"‡πÄ‡∏õ‡∏£‡∏µ‡πâ‡∏¢‡∏ß, ‡πÄ‡∏Ñ‡πá‡∏°, ‡∏´‡∏ß‡∏≤‡∏ô",‡πÑ‡∏°‡πà‡πÅ‡∏û‡πâ‡∏≠‡∏≤‡∏´‡∏≤‡∏£‡∏´‡∏£‡∏∑‡∏≠‡∏°‡∏µ‡∏Ç‡πâ‡∏≠‡∏à‡∏≥‡∏Å‡∏±‡∏î‡πÉ‡∏î ‡πÜ,‡∏ú‡∏±‡∏î‡∏ü‡∏±‡∏Å‡∏ó‡∏≠‡∏á‡πÉ‡∏™‡πà‡πÑ‡∏Ç‡πà,"‡∏ñ‡∏π‡∏Å, ‡∏°‡∏µ‡∏õ‡∏£‡∏∞‡πÇ‡∏¢‡∏ä‡∏ô‡πå","‡∏Ç‡πâ‡∏≤‡∏ß‡∏£‡∏≤‡∏î‡πÅ‡∏Å‡∏á(‡∏ú‡∏±‡∏î‡∏ú‡∏±‡∏Å,‡∏ï‡∏±‡∏ö‡∏Å‡∏£‡∏∞‡πÄ‡∏ó‡∏µ‡∏¢‡∏°)",‡∏Å‡∏¥‡∏ô‡∏á‡πà‡∏≤‡∏¢ ‡∏°‡∏µ‡∏õ‡∏£‡∏∞‡πÇ‡∏¢‡∏ä‡∏ô‡πå,4,‡πÇ‡∏£‡∏á‡∏≠‡∏≤‡∏´‡∏≤‡∏£ SC,‡∏£‡∏≤‡∏Ñ‡∏≤‡∏ñ‡∏π‡∏Å‡πÉ‡∏´‡πâ‡∏Ç‡πâ‡∏≤‡∏ß‡πÄ‡∏¢‡∏≠‡∏∞,5,5,5,5,5,5,4,4,3,‡∏°‡∏µ,‡∏≠‡∏¢‡∏≤‡∏Å‡πÉ‡∏´‡πâ‡πÇ‡∏£‡∏á‡∏≠‡∏≤‡∏´‡∏≤‡∏£ concern ‡πÄ‡∏£‡∏∑‡πà‡∏≠‡∏á‡∏£‡∏≤‡∏Ñ‡∏≤‡πÉ‡∏´‡πâ‡πÄ‡∏´‡∏°‡∏≤‡∏∞‡∏Å‡∏±‡∏ö‡∏õ‡∏£‡∏¥‡∏°‡∏≤‡∏ì‡∏≠‡∏≤‡∏´‡∏≤‡∏£‡πÅ‡∏•‡∏∞‡∏Ñ‡∏∏‡∏ì‡∏†‡∏≤‡∏û‡πÉ‡∏ô‡∏ö‡∏≤‡∏á‡∏£‡πâ‡∏≤‡∏ô
4/2/2024 13:30:08,‡∏¢‡∏¥‡∏ô‡∏¢‡∏≠‡∏°,‡∏´‡∏ç‡∏¥‡∏á,18-24 ‡∏õ‡∏µ,‡∏Ñ‡∏ì‡∏∞‡∏ß‡∏¥‡∏ó‡∏¢‡∏≤‡∏Å‡∏≤‡∏£‡πÄ‡∏£‡∏µ‡∏¢‡∏ô‡∏£‡∏π‡πâ ‡πÅ‡∏•‡∏∞‡∏®‡∏∂‡∏Å‡∏©‡∏≤‡∏®‡∏≤‡∏™‡∏ï‡∏£‡πå,64,"3,000 - 5,000 ‡∏ö‡∏≤‡∏ó","‡∏°‡∏∑‡πâ‡∏≠‡∏Å‡∏•‡∏≤‡∏á‡∏ß‡∏±‡∏ô, ‡∏°‡∏∑‡πâ‡∏≠‡πÄ‡∏¢‡πá‡∏ô",30 - 50 ‡∏ö‡∏≤‡∏ó,"‡πÄ‡∏ú‡πá‡∏î, ‡πÄ‡∏Ñ‡πá‡∏°",‡πÑ‡∏°‡πà‡πÅ‡∏û‡πâ‡∏≠‡∏≤‡∏´‡∏≤‡∏£‡∏´‡∏£‡∏∑‡∏≠‡∏°‡∏µ‡∏Ç‡πâ‡∏≠‡∏à‡∏≥‡∏Å‡∏±‡∏î‡πÉ‡∏î ‡πÜ,‡∏ú‡∏±‡∏î‡∏ü‡∏±‡∏Å‡∏ó‡∏≠‡∏á,"‡∏≠‡∏£‡πà‡∏≠‡∏¢, ‡∏°‡∏µ‡∏õ‡∏£‡∏∞‡πÇ‡∏¢‡∏ä‡∏ô‡πå",‡∏¢‡∏≥‡∏¢‡∏π‡∏õ‡πâ‡∏≤,‡∏á‡πà‡∏≤‡∏¢ ‡∏Å‡∏¥‡∏ô‡πÑ‡∏î‡πâ‡πÑ‡∏ß,3,‡πÇ‡∏£‡∏á‡∏≠‡∏≤‡∏´‡∏≤‡∏£ SC,‡πÉ‡∏Å‡∏•‡πâ‡∏Ñ‡∏ì‡∏∞‡∏ó‡∏µ‡πà‡πÄ‡∏£‡∏µ‡∏¢‡∏ô,3,3,2,3,1,2,5,4,5,‡πÑ‡∏°‡πà‡∏°‡∏µ,
4/2/2024 13:31:47,‡∏¢‡∏¥‡∏ô‡∏¢‡∏≠‡∏°,‡∏´‡∏ç‡∏¥‡∏á,18-24 ‡∏õ‡∏µ,‡∏Ñ‡∏ì‡∏∞‡∏ß‡∏¥‡∏ó‡∏¢‡∏≤‡∏Å‡∏≤‡∏£‡πÄ‡∏£‡∏µ‡∏¢‡∏ô‡∏£‡∏π‡πâ ‡πÅ‡∏•‡∏∞‡∏®‡∏∂‡∏Å‡∏©‡∏≤‡∏®‡∏≤‡∏™‡∏ï‡∏£‡πå,64,"‡∏ï‡πà‡∏≥‡∏Å‡∏ß‡πà‡∏≤ 3,000 ‡∏ö‡∏≤‡∏ó","‡∏°‡∏∑‡πâ‡∏≠‡πÄ‡∏ä‡πâ‡∏≤, ‡∏°‡∏∑‡πâ‡∏≠‡∏Å‡∏•‡∏≤‡∏á‡∏ß‡∏±‡∏ô, ‡∏°‡∏∑‡πâ‡∏≠‡πÄ‡∏¢‡πá‡∏ô, ‡∏°‡∏∑‡πâ‡∏≠‡∏î‡∏∂‡∏Å",51 - 100 ‡∏ö‡∏≤‡∏ó,"‡πÄ‡∏õ‡∏£‡∏µ‡πâ‡∏¢‡∏ß, ‡πÄ‡∏Ñ‡πá‡∏°",‡πÑ‡∏°‡πà‡∏Å‡∏¥‡∏ô‡πÄ‡∏ô‡∏∑‡πâ‡∏≠,‡∏Å‡∏∏‡πâ‡∏á‡πÅ‡∏ä‡πà‡∏ô‡πâ‡∏≥‡∏õ‡∏•‡∏≤ ‡∏ï‡∏≥‡πÑ‡∏´‡∏•‡∏ö‡∏±‡∏ß‡∏Å‡∏∏‡πâ‡∏á‡∏™‡∏î,"‡∏ó‡∏≤‡∏ô‡∏á‡πà‡∏≤‡∏¢, ‡∏≠‡∏£‡πà‡∏≠‡∏¢",‡∏¢‡∏≥‡∏¢‡∏π‡∏õ‡πâ‡∏≤,‡∏™‡∏∞‡∏î‡∏ß‡∏Å,4,‡πÇ‡∏£‡∏á‡∏≠‡∏≤‡∏´‡∏≤‡∏£ SC,‡∏≠‡∏¢‡∏π‡πà‡πÉ‡∏Å‡∏•‡πâ‡∏ï‡∏∂‡∏Å‡∏Ñ‡∏ì‡∏∞,5,5,5,3,4,3,2,2,3,‡πÑ‡∏°‡πà‡∏°‡∏µ,
4/2/2024 13:32:09,‡∏¢‡∏¥‡∏ô‡∏¢‡∏≠‡∏°,‡∏´‡∏ç‡∏¥‡∏á,18-24 ‡∏õ‡∏µ,‡∏Ñ‡∏ì‡∏∞‡∏ß‡∏¥‡∏ó‡∏¢‡∏≤‡∏Å‡∏≤‡∏£‡πÄ‡∏£‡∏µ‡∏¢‡∏ô‡∏£‡∏π‡πâ ‡πÅ‡∏•‡∏∞‡∏®‡∏∂‡∏Å‡∏©‡∏≤‡∏®‡∏≤‡∏™‡∏ï‡∏£‡πå,64,"7,001 - 9,000 ‡∏ö‡∏≤‡∏ó","‡∏°‡∏∑‡πâ‡∏≠‡∏Å‡∏•‡∏≤‡∏á‡∏ß‡∏±‡∏ô, ‡∏°‡∏∑‡πâ‡∏≠‡πÄ‡∏¢‡πá‡∏ô, ‡∏°‡∏∑‡πâ‡∏≠‡∏î‡∏∂‡∏Å",51 - 100 ‡∏ö‡∏≤‡∏ó,"‡πÄ‡∏õ‡∏£‡∏µ‡πâ‡∏¢‡∏ß, ‡πÄ‡∏Ñ‡πá‡∏°, ‡∏´‡∏ß‡∏≤‡∏ô",‡πÑ‡∏°‡πà‡πÅ‡∏û‡πâ‡∏≠‡∏≤‡∏´‡∏≤‡∏£‡∏´‡∏£‡∏∑‡∏≠‡∏°‡∏µ‡∏Ç‡πâ‡∏≠‡∏à‡∏≥‡∏Å‡∏±‡∏î‡πÉ‡∏î ‡πÜ,‡∏ä‡∏≤‡∏ö‡∏π ‡∏´‡∏°‡∏π‡∏Å‡∏∞‡∏ó‡∏∞,‡∏≠‡∏£‡πà‡∏≠‡∏¢,‡∏Ç‡πâ‡∏≤‡∏ß‡∏°‡∏±‡∏ô‡πÑ‡∏Å‡πà,‡∏´‡∏≤‡∏ó‡∏≤‡∏ô‡πÑ‡∏î‡πâ‡∏á‡πà‡∏≤‡∏¢,3,‡πÇ‡∏£‡∏á‡∏≠‡∏≤‡∏´‡∏≤‡∏£ SC,‡πÉ‡∏Å‡∏•‡πâ‡∏Ñ‡∏ì‡∏∞,4,4,5,5,4,3,3,3,5,‡πÑ‡∏°‡πà‡∏°‡∏µ,
4/2/2024 13:32:33,‡∏¢‡∏¥‡∏ô‡∏¢‡∏≠‡∏°,‡∏´‡∏ç‡∏¥‡∏á,18-24 ‡∏õ‡∏µ,‡∏Ñ‡∏ì‡∏∞‡∏ß‡∏¥‡∏ó‡∏¢‡∏≤‡∏Å‡∏≤‡∏£‡πÄ‡∏£‡∏µ‡∏¢‡∏ô‡∏£‡∏π‡πâ ‡πÅ‡∏•‡∏∞‡∏®‡∏∂‡∏Å‡∏©‡∏≤‡∏®‡∏≤‡∏™‡∏ï‡∏£‡πå,64,"‡∏°‡∏≤‡∏Å‡∏Å‡∏ß‡πà‡∏≤ 9,000 ‡∏ö‡∏≤‡∏ó","‡∏°‡∏∑‡πâ‡∏≠‡∏Å‡∏•‡∏≤‡∏á‡∏ß‡∏±‡∏ô, ‡∏°‡∏∑‡πâ‡∏≠‡πÄ‡∏¢‡πá‡∏ô, ‡∏°‡∏∑‡πâ‡∏≠‡∏î‡∏∂‡∏Å",101 - 200 ‡∏ö‡∏≤‡∏ó,"‡πÄ‡∏ú‡πá‡∏î, ‡πÄ‡∏õ‡∏£‡∏µ‡πâ‡∏¢‡∏ß, ‡πÄ‡∏Ñ‡πá‡∏°",‡πÑ‡∏°‡πà‡πÅ‡∏û‡πâ‡∏≠‡∏≤‡∏´‡∏≤‡∏£‡∏´‡∏£‡∏∑‡∏≠‡∏°‡∏µ‡∏Ç‡πâ‡∏≠‡∏à‡∏≥‡∏Å‡∏±‡∏î‡πÉ‡∏î ‡πÜ,‡∏¢‡∏≥ ‡∏™‡πâ‡∏°‡∏ï‡∏≥,‡∏≠‡∏£‡πà‡∏≠‡∏¢,‡∏Ç‡πâ‡∏≤‡∏ß‡∏ô‡πâ‡∏≥‡∏û‡∏£‡∏¥‡∏Å‡∏õ‡∏•‡∏≤‡∏ó‡∏π,‡∏≠‡∏£‡πà‡∏≠‡∏¢ ‡∏£‡∏™‡∏à‡∏±‡∏î ‡∏£‡∏≤‡∏Ñ‡∏≤‡∏ñ‡∏π‡∏Å,2,‡πÇ‡∏£‡∏á‡∏≠‡∏≤‡∏´‡∏≤‡∏£ JC,‡∏ä‡∏≠‡∏ö‡∏Å‡∏¥‡∏ô‡∏£‡πâ‡∏≤‡∏ô‡∏ô‡πâ‡∏≥‡∏û‡∏£‡∏¥‡∏Å‡∏Å‡∏∞‡∏õ‡∏¥ ‡∏õ‡∏•‡∏≤‡∏ó‡∏π + ‡∏°‡∏µ‡∏ô‡πâ‡∏≥‡∏ä‡∏á‡∏Ç‡∏≤‡∏¢,3,2,5,4,5,1,3,3,3,‡πÑ‡∏°‡πà‡∏°‡∏µ,
4/2/2024 13:35:05,‡∏¢‡∏¥‡∏ô‡∏¢‡∏≠‡∏°,‡∏´‡∏ç‡∏¥‡∏á,18-24 ‡∏õ‡∏µ,‡∏Ñ‡∏ì‡∏∞‡∏ß‡∏¥‡∏ó‡∏¢‡∏≤‡∏Å‡∏≤‡∏£‡πÄ‡∏£‡∏µ‡∏¢‡∏ô‡∏£‡∏π‡πâ ‡πÅ‡∏•‡∏∞‡∏®‡∏∂‡∏Å‡∏©‡∏≤‡∏®‡∏≤‡∏™‡∏ï‡∏£‡πå,64,"‡∏°‡∏≤‡∏Å‡∏Å‡∏ß‡πà‡∏≤ 9,000 ‡∏ö‡∏≤‡∏ó",‡∏°‡∏∑‡πâ‡∏≠‡∏Å‡∏•‡∏≤‡∏á‡∏ß‡∏±‡∏ô,51 - 100 ‡∏ö‡∏≤‡∏ó,‡πÄ‡∏ú‡πá‡∏î,‡∏Æ‡∏≤‡∏•‡∏≤‡∏• (Halal),‡πÉ‡∏ö‡πÄ‡∏´‡∏•‡∏µ‡∏¢‡∏á‡∏ú‡∏±‡∏î‡πÑ‡∏Ç‡πà,"‡∏ó‡∏≤‡∏ô‡∏á‡πà‡∏≤‡∏¢, ‡∏≠‡∏£‡πà‡∏≠‡∏¢, ‡∏°‡∏µ‡∏õ‡∏£‡∏∞‡πÇ‡∏¢‡∏ä‡∏ô‡πå",‡∏ñ‡πâ‡∏≤‡∏£‡πâ‡∏≤‡∏ô‡∏ó‡∏µ‡πà‡∏Ç‡∏≤‡∏¢‡∏¢‡∏±‡∏á‡πÑ‡∏°‡πà‡∏´‡∏°‡∏î‡∏Å‡πá‡∏Å‡∏¥‡∏ô‡∏ó‡∏∏‡∏Å‡∏ß‡∏±‡∏ô,‡∏≠‡∏£‡πà‡∏≠‡∏¢!,3,‡πÇ‡∏£‡∏á‡∏≠‡∏≤‡∏´‡∏≤‡∏£ SC,‡πÄ‡∏û‡∏£‡∏≤‡∏∞‡πÉ‡∏Å‡∏•‡πâ‡∏Ñ‡∏ì‡∏∞,3,3,3,3,3,3,3,3,3,‡πÑ‡∏°‡πà‡∏°‡∏µ,
4/2/2024 13:35:40,‡∏¢‡∏¥‡∏ô‡∏¢‡∏≠‡∏°,‡∏´‡∏ç‡∏¥‡∏á,18-24 ‡∏õ‡∏µ,‡∏Ñ‡∏ì‡∏∞‡∏ß‡∏¥‡∏ó‡∏¢‡∏≤‡∏Å‡∏≤‡∏£‡πÄ‡∏£‡∏µ‡∏¢‡∏ô‡∏£‡∏π‡πâ ‡πÅ‡∏•‡∏∞‡∏®‡∏∂‡∏Å‡∏©‡∏≤‡∏®‡∏≤‡∏™‡∏ï‡∏£‡πå,64,"‡∏°‡∏≤‡∏Å‡∏Å‡∏ß‡πà‡∏≤ 9,000 ‡∏ö‡∏≤‡∏ó","‡∏°‡∏∑‡πâ‡∏≠‡∏Å‡∏•‡∏≤‡∏á‡∏ß‡∏±‡∏ô, ‡∏°‡∏∑‡πâ‡∏≠‡πÄ‡∏¢‡πá‡∏ô, ‡∏°‡∏∑‡πâ‡∏≠‡∏î‡∏∂‡∏Å",51 - 100 ‡∏ö‡∏≤‡∏ó,"‡πÄ‡∏ú‡πá‡∏î, ‡πÄ‡∏õ‡∏£‡∏µ‡πâ‡∏¢‡∏ß, ‡πÄ‡∏Ñ‡πá‡∏°",‡πÑ‡∏°‡πà‡πÅ‡∏û‡πâ‡∏≠‡∏≤‡∏´‡∏≤‡∏£‡∏´‡∏£‡∏∑‡∏≠‡∏°‡∏µ‡∏Ç‡πâ‡∏≠‡∏à‡∏≥‡∏Å‡∏±‡∏î‡πÉ‡∏î ‡πÜ,‡∏™‡πâ‡∏°‡∏ï‡∏≥‡πÄ‡∏™‡πâ‡∏ô‡πÄ‡∏•‡πá‡∏Å,‡∏≠‡∏£‡πà‡∏≠‡∏¢,‡∏Ç‡πâ‡∏≤‡∏ß‡∏ú‡∏±‡∏î,‡∏≠‡∏≤‡∏´‡∏≤‡∏£‡πÑ‡∏î‡πâ‡πÑ‡∏ß,3,‡πÇ‡∏£‡∏á‡∏≠‡∏≤‡∏´‡∏≤‡∏£ SC,‡πÉ‡∏Å‡∏•‡πâ‡∏ó‡∏µ‡πà‡∏™‡∏∏‡∏î,2,2,5,5,5,5,5,5,5,‡πÑ‡∏°‡πà‡∏°‡∏µ,
4/2/2024 13:37:15,‡∏¢‡∏¥‡∏ô‡∏¢‡∏≠‡∏°,‡∏´‡∏ç‡∏¥‡∏á,18-24 ‡∏õ‡∏µ,‡∏Ñ‡∏ì‡∏∞‡∏ß‡∏¥‡∏ó‡∏¢‡∏≤‡∏Å‡∏≤‡∏£‡πÄ‡∏£‡∏µ‡∏¢‡∏ô‡∏£‡∏π‡πâ ‡πÅ‡∏•‡∏∞‡∏®‡∏∂‡∏Å‡∏©‡∏≤‡∏®‡∏≤‡∏™‡∏ï‡∏£‡πå,64,"3,000 - 5,000 ‡∏ö‡∏≤‡∏ó","‡∏°‡∏∑‡πâ‡∏≠‡∏Å‡∏•‡∏≤‡∏á‡∏ß‡∏±‡∏ô, ‡∏°‡∏∑‡πâ‡∏≠‡πÄ‡∏¢‡πá‡∏ô",51 - 100 ‡∏ö‡∏≤‡∏ó,"‡πÄ‡∏Ñ‡πá‡∏°, ‡∏´‡∏ß‡∏≤‡∏ô",‡πÑ‡∏°‡πà‡πÅ‡∏û‡πâ‡∏≠‡∏≤‡∏´‡∏≤‡∏£‡∏´‡∏£‡∏∑‡∏≠‡∏°‡∏µ‡∏Ç‡πâ‡∏≠‡∏à‡∏≥‡∏Å‡∏±‡∏î‡πÉ‡∏î ‡πÜ,‡∏Å‡∏∞‡πÄ‡∏û‡∏£‡∏≤‡∏´‡∏°‡∏π‡∏Å‡∏£‡∏≠‡∏ö,‡∏≠‡∏£‡πà‡∏≠‡∏¢,‡∏™‡∏∏‡∏õ‡∏µ‡πâ‡πÅ‡∏´‡πâ‡∏á,‡∏°‡∏µ‡∏ú‡∏±‡∏Å,3,‡πÇ‡∏£‡∏á‡∏≠‡∏≤‡∏´‡∏≤‡∏£ SC,‡πÉ‡∏Å‡∏•‡πâ‡∏Ñ‡∏ì‡∏∞,4,5,4,4,4,5,5,5,5,‡πÑ‡∏°‡πà‡∏°‡∏µ,
4/2/2024 14:06:35,‡∏¢‡∏¥‡∏ô‡∏¢‡∏≠‡∏°,‡∏´‡∏ç‡∏¥‡∏á,18-24 ‡∏õ‡∏µ,‡∏Ñ‡∏ì‡∏∞‡∏®‡∏¥‡∏•‡∏õ‡∏®‡∏≤‡∏™‡∏ï‡∏£‡πå,65,"7,001 - 9,000 ‡∏ö‡∏≤‡∏ó",‡∏°‡∏∑‡πâ‡∏≠‡∏Å‡∏•‡∏≤‡∏á‡∏ß‡∏±‡∏ô,51 - 100 ‡∏ö‡∏≤‡∏ó,‡∏´‡∏ß‡∏≤‡∏ô,‡πÑ‡∏°‡πà‡πÅ‡∏û‡πâ‡∏≠‡∏≤‡∏´‡∏≤‡∏£‡∏´‡∏£‡∏∑‡∏≠‡∏°‡∏µ‡∏Ç‡πâ‡∏≠‡∏à‡∏≥‡∏Å‡∏±‡∏î‡πÉ‡∏î ‡πÜ,‡∏Å‡πã‡∏ß‡∏¢‡πÄ‡∏ï‡∏µ‡πã‡∏¢‡∏ß‡∏ô‡πâ‡∏≥‡∏ï‡∏Å‡∏´‡∏°‡∏π‡∏ä‡∏¥‡πâ‡∏ô,‡∏ä‡∏≠‡∏ö‡∏ß‡∏±‡∏ï‡∏ñ‡∏∏‡∏î‡∏¥‡∏ö,‡∏Å‡πã‡∏ß‡∏¢‡πÄ‡∏ï‡∏µ‡πã‡∏¢‡∏ß,‡∏ä‡∏≠‡∏ö‡∏Å‡∏¥‡∏ô‡πÄ‡∏™‡πâ‡∏ô,3,‡πÇ‡∏£‡∏á‡∏≠‡∏≤‡∏´‡∏≤‡∏£ SC,‡πÉ‡∏Å‡∏•‡πâ‡∏´‡πâ‡∏≠‡∏á‡πÄ‡∏£‡∏µ‡∏¢‡∏ô,4,4,5,5,5,3,5,3,5,‡∏°‡∏µ,‡∏≠‡∏¢‡∏≤‡∏Å‡πÉ‡∏´‡πâ‡∏õ‡∏£‡∏±‡∏ö‡∏£‡∏≤‡∏Ñ‡∏≤‡∏≠‡∏≤‡∏´‡∏≤‡∏£‡∏•‡∏á‡πÉ‡∏´‡πâ‡πÄ‡∏´‡∏°‡∏≤‡∏∞‡∏™‡∏°‡∏Å‡∏±‡∏ö‡∏£‡∏™‡∏ä‡∏≤‡∏ï‡∏¥‡πÅ‡∏•‡∏∞‡∏õ‡∏£‡∏¥‡∏°‡∏≤‡∏ì
4/2/2024 14:45:47,‡∏¢‡∏¥‡∏ô‡∏¢‡∏≠‡∏°,‡∏´‡∏ç‡∏¥‡∏á,18-24 ‡∏õ‡∏µ,,65,"‡∏°‡∏≤‡∏Å‡∏Å‡∏ß‡πà‡∏≤ 9,000 ‡∏ö‡∏≤‡∏ó","‡∏°‡∏∑‡πâ‡∏≠‡πÄ‡∏ä‡πâ‡∏≤, ‡∏°‡∏∑‡πâ‡∏≠‡∏Å‡∏•‡∏≤‡∏á‡∏ß‡∏±‡∏ô, ‡∏°‡∏∑‡πâ‡∏≠‡πÄ‡∏¢‡πá‡∏ô, ‡∏°‡∏∑‡πâ‡∏≠‡∏î‡∏∂‡∏Å",51 - 100 ‡∏ö‡∏≤‡∏ó,"‡πÄ‡∏õ‡∏£‡∏µ‡πâ‡∏¢‡∏ß, ‡∏´‡∏ß‡∏≤‡∏ô",‡πÑ‡∏°‡πà‡πÅ‡∏û‡πâ‡∏≠‡∏≤‡∏´‡∏≤‡∏£‡∏´‡∏£‡∏∑‡∏≠‡∏°‡∏µ‡∏Ç‡πâ‡∏≠‡∏à‡∏≥‡∏Å‡∏±‡∏î‡πÉ‡∏î ‡πÜ,‡∏Ç‡πâ‡∏≤‡∏ß‡∏Å‡∏∞‡πÄ‡∏û‡∏£‡∏≤‡∏õ‡∏•‡∏≤‡∏´‡∏°‡∏∂‡∏Å,‡∏ä‡∏≠‡∏ö‡∏ß‡∏±‡∏ï‡∏ñ‡∏∏‡∏î‡∏¥‡∏ö,‡∏Å‡πã‡∏ß‡∏¢‡πÄ‡∏ï‡∏µ‡πã‡∏¢‡∏ß,‡∏°‡∏µ‡∏£‡πâ‡∏≤‡∏ô‡∏ó‡∏∏‡∏Å‡πÇ‡∏£‡∏á‡∏≠‡∏≤‡∏´‡∏≤‡∏£,4,‡πÇ‡∏£‡∏á‡∏≠‡∏≤‡∏´‡∏≤‡∏£ SC,‡∏Ç‡∏≠‡∏á‡∏Å‡∏¥‡∏ô‡πÄ‡∏¢‡∏≠‡∏∞,4,4,3,4,2,4,3,4,3,‡πÑ‡∏°‡πà‡∏°‡∏µ,
4/2/2024 15:50:09,‡∏¢‡∏¥‡∏ô‡∏¢‡∏≠‡∏°,‡∏ä‡∏≤‡∏¢,18-24 ‡∏õ‡∏µ,‡∏Ñ‡∏ì‡∏∞‡∏û‡∏≤‡∏ì‡∏¥‡∏ä‡∏¢‡∏®‡∏≤‡∏™‡∏ï‡∏£‡πå ‡πÅ‡∏•‡∏∞‡∏Å‡∏≤‡∏£‡∏ö‡∏±‡∏ç‡∏ä‡∏µ,66,"5,001 - 7,000 ‡∏ö‡∏≤‡∏ó","‡∏°‡∏∑‡πâ‡∏≠‡πÄ‡∏ä‡πâ‡∏≤, ‡∏°‡∏∑‡πâ‡∏≠‡∏Å‡∏•‡∏≤‡∏á‡∏ß‡∏±‡∏ô, ‡∏°‡∏∑‡πâ‡∏≠‡πÄ‡∏¢‡πá‡∏ô",30 - 50 ‡∏ö‡∏≤‡∏ó,‡πÄ‡∏Ñ‡πá‡∏°,‡πÑ‡∏°‡πà‡πÅ‡∏û‡πâ‡∏≠‡∏≤‡∏´‡∏≤‡∏£‡∏´‡∏£‡∏∑‡∏≠‡∏°‡∏µ‡∏Ç‡πâ‡∏≠‡∏à‡∏≥‡∏Å‡∏±‡∏î‡πÉ‡∏î ‡πÜ,‡∏ú‡∏±‡∏î‡∏Å‡∏£‡∏∞‡πÄ‡∏û‡∏£‡∏≤,‡∏ó‡∏≤‡∏ô‡∏á‡πà‡∏≤‡∏¢,‡∏ú‡∏±‡∏î‡∏Å‡∏£‡∏∞‡πÄ‡∏û‡∏£‡∏≤,‡∏á‡πà‡∏≤‡∏¢,6,‡πÇ‡∏£‡∏á‡∏≠‡∏≤‡∏´‡∏≤‡∏£ SC,‡πÉ‡∏Å‡∏•‡πâ‡∏Å‡∏±‡∏ö‡∏ï‡∏∂‡∏Å‡∏ó‡∏µ‡πà‡πÄ‡∏£‡∏µ‡∏¢‡∏ô,5,4,4,4,4,4,4,4,5,‡πÑ‡∏°‡πà‡∏°‡∏µ,
4/3/2024 17:02:21,‡∏¢‡∏¥‡∏ô‡∏¢‡∏≠‡∏°,‡∏ä‡∏≤‡∏¢,18-24 ‡∏õ‡∏µ,‡∏Ñ‡∏ì‡∏∞‡∏ß‡∏¥‡∏ó‡∏¢‡∏≤‡∏Å‡∏≤‡∏£‡πÄ‡∏£‡∏µ‡∏¢‡∏ô‡∏£‡∏π‡πâ ‡πÅ‡∏•‡∏∞‡∏®‡∏∂‡∏Å‡∏©‡∏≤‡∏®‡∏≤‡∏™‡∏ï‡∏£‡πå,64,"‡∏°‡∏≤‡∏Å‡∏Å‡∏ß‡πà‡∏≤ 9,000 ‡∏ö‡∏≤‡∏ó","‡∏°‡∏∑‡πâ‡∏≠‡∏Å‡∏•‡∏≤‡∏á‡∏ß‡∏±‡∏ô, ‡∏°‡∏∑‡πâ‡∏≠‡πÄ‡∏¢‡πá‡∏ô, ‡∏°‡∏∑‡πâ‡∏≠‡∏î‡∏∂‡∏Å",51 - 100 ‡∏ö‡∏≤‡∏ó,"‡πÄ‡∏õ‡∏£‡∏µ‡πâ‡∏¢‡∏ß, ‡πÄ‡∏Ñ‡πá‡∏°, ‡∏´‡∏ß‡∏≤‡∏ô",‡πÑ‡∏°‡πà‡πÅ‡∏û‡πâ‡∏≠‡∏≤‡∏´‡∏≤‡∏£‡∏´‡∏£‡∏∑‡∏≠‡∏°‡∏µ‡∏Ç‡πâ‡∏≠‡∏à‡∏≥‡∏Å‡∏±‡∏î‡πÉ‡∏î ‡πÜ,‡∏Å‡∏∞‡πÄ‡∏û‡∏£‡∏≤,‡∏≠‡∏£‡πà‡∏≠‡∏¢,‡∏Å‡∏∞‡πÄ‡∏û‡∏£‡∏≤,‡∏´‡∏≤‡∏Å‡∏¥‡∏ô‡∏á‡πà‡∏≤‡∏¢,3,‡πÇ‡∏£‡∏á‡∏≠‡∏≤‡∏´‡∏≤‡∏£ SC,‡∏ú‡∏π‡πâ‡∏´‡∏ç‡∏¥‡∏á‡∏ô‡πà‡∏≤‡∏£‡∏±‡∏Å,4,4,5,5,4,4,5,3,5,‡∏°‡∏µ,‡∏ï‡∏¥‡∏î‡πÄ‡πÄ‡∏≠‡∏£‡πå
4/3/2024 17:06:25,‡∏¢‡∏¥‡∏ô‡∏¢‡∏≠‡∏°,‡∏ä‡∏≤‡∏¢,18-24 ‡∏õ‡∏µ,‡∏Ñ‡∏ì‡∏∞‡∏ß‡∏¥‡∏ó‡∏¢‡∏≤‡∏Å‡∏≤‡∏£‡πÄ‡∏£‡∏µ‡∏¢‡∏ô‡∏£‡∏π‡πâ ‡πÅ‡∏•‡∏∞‡∏®‡∏∂‡∏Å‡∏©‡∏≤‡∏®‡∏≤‡∏™‡∏ï‡∏£‡πå,64,"7,001 - 9,000 ‡∏ö‡∏≤‡∏ó","‡∏°‡∏∑‡πâ‡∏≠‡∏Å‡∏•‡∏≤‡∏á‡∏ß‡∏±‡∏ô, ‡∏°‡∏∑‡πâ‡∏≠‡πÄ‡∏¢‡πá‡∏ô",51 - 100 ‡∏ö‡∏≤‡∏ó,"‡πÄ‡∏ú‡πá‡∏î, ‡πÄ‡∏õ‡∏£‡∏µ‡πâ‡∏¢‡∏ß",‡πÑ‡∏°‡πà‡πÅ‡∏û‡πâ‡∏≠‡∏≤‡∏´‡∏≤‡∏£‡∏´‡∏£‡∏∑‡∏≠‡∏°‡∏µ‡∏Ç‡πâ‡∏≠‡∏à‡∏≥‡∏Å‡∏±‡∏î‡πÉ‡∏î ‡πÜ,‡∏Å‡πã‡∏ß‡∏¢‡πÄ‡∏ï‡∏µ‡πã‡∏¢‡∏ß,‡∏ä‡∏≠‡∏ö‡∏ó‡∏≤‡∏ô,‡∏Å‡πã‡∏ß‡∏¢‡πÄ‡∏ï‡∏µ‡πã‡∏¢‡∏ß,‡∏ä‡∏≠‡∏ö‡πÄ‡πÄ‡∏•‡∏∞‡∏≠‡∏£‡πà‡∏≠‡∏¢,2,‡πÇ‡∏£‡∏á‡∏≠‡∏≤‡∏´‡∏≤‡∏£ JC,‡∏≠‡∏≤‡∏´‡∏≤‡∏£‡∏≠‡∏£‡πà‡∏≠‡∏¢‡πÄ‡πÄ‡∏•‡∏∞‡πÉ‡∏Å‡∏•‡πâ,5,5,5,5,5,1,3,5,5,‡∏°‡∏µ,‡∏ï‡∏¥‡∏î‡πÄ‡πÄ‡∏≠‡∏£‡πå‡πÄ‡∏û‡∏£‡∏≤‡∏∞‡∏£‡πâ‡∏≠‡∏ô
4/3/2024 17:21:51,‡∏¢‡∏¥‡∏ô‡∏¢‡∏≠‡∏°,‡∏´‡∏ç‡∏¥‡∏á,18-24 ‡∏õ‡∏µ,‡∏Ñ‡∏ì‡∏∞‡∏ß‡∏¥‡∏ó‡∏¢‡∏≤‡∏Å‡∏≤‡∏£‡πÄ‡∏£‡∏µ‡∏¢‡∏ô‡∏£‡∏π‡πâ ‡πÅ‡∏•‡∏∞‡∏®‡∏∂‡∏Å‡∏©‡∏≤‡∏®‡∏≤‡∏™‡∏ï‡∏£‡πå,64,"5,001 - 7,000 ‡∏ö‡∏≤‡∏ó",‡∏°‡∏∑‡πâ‡∏≠‡∏î‡∏∂‡∏Å,51 - 100 ‡∏ö‡∏≤‡∏ó,"‡πÄ‡∏ú‡πá‡∏î, ‡πÄ‡∏Ñ‡πá‡∏°",‡πÑ‡∏°‡πà‡πÅ‡∏û‡πâ‡∏≠‡∏≤‡∏´‡∏≤‡∏£‡∏´‡∏£‡∏∑‡∏≠‡∏°‡∏µ‡∏Ç‡πâ‡∏≠‡∏à‡∏≥‡∏Å‡∏±‡∏î‡πÉ‡∏î ‡πÜ,‡πÑ‡∏Å‡πà‡∏ó‡∏≠‡∏î,‡∏≠‡∏£‡πà‡∏≠‡∏¢,‡πÑ‡∏Å‡πà‡∏ó‡∏≠‡∏î,‡∏´‡∏≤‡∏Å‡∏¥‡∏ô‡∏á‡πà‡∏≤‡∏¢,5,‡πÇ‡∏£‡∏á‡∏≠‡∏≤‡∏´‡∏≤‡∏£ SC,‡πÉ‡∏Å‡∏•‡πâ,5,5,5,5,5,3,3,5,2,‡∏°‡∏µ,‡∏≠‡∏¢‡∏≤‡∏Å‡πÉ‡∏´‡πâ‡∏°‡∏µ‡∏£‡πâ‡∏≤‡∏ô‡πÑ‡∏Å‡πà‡∏ó‡∏≠‡∏î‡πÄ‡πÄ‡∏•‡∏∞‡∏£‡πâ‡∏≤‡∏ô‡∏Ç‡∏≠‡∏á‡∏Å‡∏¥‡∏ô‡πÄ‡∏•‡πà‡∏ô‡πÄ‡∏û‡∏¥‡πà‡∏°
4/3/2024 17:28:34,‡∏¢‡∏¥‡∏ô‡∏¢‡∏≠‡∏°,‡∏´‡∏ç‡∏¥‡∏á,18-24 ‡∏õ‡∏µ,‡∏Ñ‡∏ì‡∏∞‡∏ß‡∏¥‡∏ó‡∏¢‡∏≤‡∏Å‡∏≤‡∏£‡πÄ‡∏£‡∏µ‡∏¢‡∏ô‡∏£‡∏π‡πâ ‡πÅ‡∏•‡∏∞‡∏®‡∏∂‡∏Å‡∏©‡∏≤‡∏®‡∏≤‡∏™‡∏ï‡∏£‡πå,64,"‡∏°‡∏≤‡∏Å‡∏Å‡∏ß‡πà‡∏≤ 9,000 ‡∏ö‡∏≤‡∏ó","‡∏°‡∏∑‡πâ‡∏≠‡∏Å‡∏•‡∏≤‡∏á‡∏ß‡∏±‡∏ô, ‡∏°‡∏∑‡πâ‡∏≠‡πÄ‡∏¢‡πá‡∏ô, ‡∏°‡∏∑‡πâ‡∏≠‡∏î‡∏∂‡∏Å",51 - 100 ‡∏ö‡∏≤‡∏ó,"‡πÄ‡∏ú‡πá‡∏î, ‡πÄ‡∏õ‡∏£‡∏µ‡πâ‡∏¢‡∏ß, ‡πÄ‡∏Ñ‡πá‡∏°, ‡∏´‡∏ß‡∏≤‡∏ô",‡πÑ‡∏°‡πà‡πÅ‡∏û‡πâ‡∏≠‡∏≤‡∏´‡∏≤‡∏£‡∏´‡∏£‡∏∑‡∏≠‡∏°‡∏µ‡∏Ç‡πâ‡∏≠‡∏à‡∏≥‡∏Å‡∏±‡∏î‡πÉ‡∏î ‡πÜ,‡∏Å‡πã‡∏ß‡∏¢‡∏à‡∏±‡πä‡∏ö‡∏ç‡∏ß‡∏ì,‡∏ä‡∏≠‡∏ö‡∏ß‡∏±‡∏ï‡∏ñ‡∏∏‡∏î‡∏¥‡∏ö,‡∏Ç‡πâ‡∏≤‡∏ß‡∏ú‡∏±‡∏î,‡∏ó‡∏≥‡∏á‡πà‡∏≤‡∏¢,2,‡πÇ‡∏£‡∏á‡∏≠‡∏≤‡∏´‡∏≤‡∏£ SC,‡πÉ‡∏Å‡∏•‡πâ,4,4,4,4,3,3,4,4,3,‡πÑ‡∏°‡πà‡∏°‡∏µ,
4/3/2024 18:38:25,‡∏¢‡∏¥‡∏ô‡∏¢‡∏≠‡∏°,‡∏´‡∏ç‡∏¥‡∏á,18-24 ‡∏õ‡∏µ,‡∏Ñ‡∏ì‡∏∞‡πÄ‡∏®‡∏£‡∏©‡∏ê‡∏®‡∏≤‡∏™‡∏ï‡∏£‡πå,65,"‡∏°‡∏≤‡∏Å‡∏Å‡∏ß‡πà‡∏≤ 9,000 ‡∏ö‡∏≤‡∏ó","‡∏°‡∏∑‡πâ‡∏≠‡∏Å‡∏•‡∏≤‡∏á‡∏ß‡∏±‡∏ô, ‡∏°‡∏∑‡πâ‡∏≠‡πÄ‡∏¢‡πá‡∏ô, ‡∏°‡∏∑‡πâ‡∏≠‡∏î‡∏∂‡∏Å",51 - 100 ‡∏ö‡∏≤‡∏ó,"‡πÄ‡∏ú‡πá‡∏î, ‡πÄ‡∏õ‡∏£‡∏µ‡πâ‡∏¢‡∏ß, ‡∏´‡∏ß‡∏≤‡∏ô",‡πÑ‡∏°‡πà‡πÅ‡∏û‡πâ‡∏≠‡∏≤‡∏´‡∏≤‡∏£‡∏´‡∏£‡∏∑‡∏≠‡∏°‡∏µ‡∏Ç‡πâ‡∏≠‡∏à‡∏≥‡∏Å‡∏±‡∏î‡πÉ‡∏î ‡πÜ,‡∏Å‡πã‡∏ß‡∏¢‡πÄ‡∏ï‡∏µ‡πã‡∏¢‡∏ß,"‡∏ó‡∏≤‡∏ô‡∏á‡πà‡∏≤‡∏¢, ‡∏ñ‡∏π‡∏Å, ‡∏≠‡∏¥‡πà‡∏°",‡∏Å‡πã‡∏ß‡∏¢‡πÄ‡∏ï‡∏µ‡πã‡∏¢‡∏ß,‡∏´‡πà‡∏ó‡∏≤‡∏ô‡∏á‡πà‡∏≤‡∏¢ ‡∏≠‡∏£‡πà‡∏≠‡∏¢ ‡πÄ‡∏•‡∏∑‡∏≠‡∏Å‡πÑ‡∏î‡πâ‡∏´‡∏•‡∏≤‡∏Å‡∏´‡∏•‡∏≤‡∏¢,4,"‡πÇ‡∏£‡∏á‡∏≠‡∏≤‡∏´‡∏≤‡∏£‡∏¢‡πà‡∏≠‡∏¢‡πÉ‡∏ô‡∏ï‡∏∂‡∏Å (‡∏Ñ‡∏ì‡∏∞‡∏ö‡∏±‡∏ç‡∏ä‡∏µ‡∏Ø , ‡∏£‡∏±‡∏ê‡∏®‡∏≤‡∏™‡∏ï‡∏£‡πå‡∏Ø , ‡∏™‡∏±‡∏á‡∏Ñ‡∏°‡∏™‡∏á‡πÄ‡∏Ñ‡∏£‡∏≤‡∏∞‡∏´‡πå , ‡∏ô‡∏¥‡∏ï‡∏¥‡∏®‡∏≤‡∏™‡∏ï‡∏£‡πå ‡πÄ‡∏õ‡πá‡∏ô‡∏ï‡πâ‡∏ô)",‡πÉ‡∏Å‡∏•‡πâ‡∏Å‡∏±‡∏ö‡∏Ñ‡∏ì‡∏∞‡∏ó‡∏µ‡πà‡∏®‡∏∂‡∏Å‡∏©‡∏≤‡∏≠‡∏¢‡∏π‡πà,2,2,4,4,4,2,1,3,3,‡∏°‡∏µ,-
4/4/2024 11:17:39,‡∏¢‡∏¥‡∏ô‡∏¢‡∏≠‡∏°,‡∏´‡∏ç‡∏¥‡∏á,18-24 ‡∏õ‡∏µ,‡∏Ñ‡∏ì‡∏∞‡∏û‡∏≤‡∏ì‡∏¥‡∏ä‡∏¢‡∏®‡∏≤‡∏™‡∏ï‡∏£‡πå ‡πÅ‡∏•‡∏∞‡∏Å‡∏≤‡∏£‡∏ö‡∏±‡∏ç‡∏ä‡∏µ,66,"‡∏°‡∏≤‡∏Å‡∏Å‡∏ß‡πà‡∏≤ 9,000 ‡∏ö‡∏≤‡∏ó","‡∏°‡∏∑‡πâ‡∏≠‡∏Å‡∏•‡∏≤‡∏á‡∏ß‡∏±‡∏ô, ‡∏°‡∏∑‡πâ‡∏≠‡πÄ‡∏¢‡πá‡∏ô",51 - 100 ‡∏ö‡∏≤‡∏ó,"‡πÄ‡∏ú‡πá‡∏î, ‡πÄ‡∏õ‡∏£‡∏µ‡πâ‡∏¢‡∏ß, ‡πÄ‡∏Ñ‡πá‡∏°",‡πÑ‡∏°‡πà‡πÅ‡∏û‡πâ‡∏≠‡∏≤‡∏´‡∏≤‡∏£‡∏´‡∏£‡∏∑‡∏≠‡∏°‡∏µ‡∏Ç‡πâ‡∏≠‡∏à‡∏≥‡∏Å‡∏±‡∏î‡πÉ‡∏î ‡πÜ,‡∏Ç‡πâ‡∏≤‡∏ß‡∏°‡∏±‡∏ô‡πÑ‡∏Å‡πà‡∏ó‡∏≠‡∏î,‡∏≠‡∏£‡πà‡∏≠‡∏¢,‡∏Ç‡πâ‡∏≤‡∏ß‡∏£‡∏≤‡∏î‡πÅ‡∏Å‡∏á,‡∏ñ‡∏π‡∏Å ‡∏°‡∏µ‡πÉ‡∏´‡πâ‡πÄ‡∏•‡∏∑‡∏≠‡∏Å‡πÄ‡∏¢‡∏≠‡∏∞,3,‡πÇ‡∏£‡∏á‡∏≠‡∏≤‡∏´‡∏≤‡∏£ JC,‡∏Ñ‡∏ô‡πÑ‡∏°‡πà‡πÄ‡∏¢‡∏≠‡∏∞‡πÄ‡∏ó‡πà‡∏≤‡πÇ‡∏£‡∏á SC ‡∏£‡πâ‡∏≤‡∏ô‡∏≠‡∏≤‡∏´‡∏≤‡∏≠‡∏£‡πà‡∏≠‡∏¢,4,1,5,4,4,2,4,4,4,‡πÑ‡∏°‡πà‡∏°‡∏µ,
4/4/2024 17:53:42,‡∏¢‡∏¥‡∏ô‡∏¢‡∏≠‡∏°,‡∏ä‡∏≤‡∏¢,18-24 ‡∏õ‡∏µ,‡∏Ñ‡∏ì‡∏∞‡∏û‡∏≤‡∏ì‡∏¥‡∏ä‡∏¢‡∏®‡∏≤‡∏™‡∏ï‡∏£‡πå ‡πÅ‡∏•‡∏∞‡∏Å‡∏≤‡∏£‡∏ö‡∏±‡∏ç‡∏ä‡∏µ,66,"‡∏°‡∏≤‡∏Å‡∏Å‡∏ß‡πà‡∏≤ 9,000 ‡∏ö‡∏≤‡∏ó","‡∏°‡∏∑‡πâ‡∏≠‡∏Å‡∏•‡∏≤‡∏á‡∏ß‡∏±‡∏ô, ‡∏°‡∏∑‡πâ‡∏≠‡πÄ‡∏¢‡πá‡∏ô, ‡∏°‡∏∑‡πâ‡∏≠‡∏î‡∏∂‡∏Å",101 - 200 ‡∏ö‡∏≤‡∏ó,"‡πÄ‡∏ú‡πá‡∏î, ‡πÄ‡∏Ñ‡πá‡∏°",‡πÑ‡∏°‡πà‡πÅ‡∏û‡πâ‡∏≠‡∏≤‡∏´‡∏≤‡∏£‡∏´‡∏£‡∏∑‡∏≠‡∏°‡∏µ‡∏Ç‡πâ‡∏≠‡∏à‡∏≥‡∏Å‡∏±‡∏î‡πÉ‡∏î ‡πÜ,‡∏Ñ‡∏±‡πà‡∏ß‡∏Å‡∏•‡∏¥‡πâ‡∏á,‡∏™‡∏∞‡∏î‡∏ß‡∏Å,‡∏Ç‡πâ‡∏≤‡∏ß‡∏ú‡∏±‡∏î‡∏Å‡∏∞‡πÄ‡∏û‡∏£‡∏≤,‡∏´‡∏≤‡∏ó‡∏≤‡∏ô‡∏á‡πà‡∏≤‡∏¢ ‡∏£‡∏≤‡∏Ñ‡∏≤‡∏î‡∏µ,3,‡πÇ‡∏£‡∏á‡∏≠‡∏≤‡∏´‡∏≤‡∏£ SC,‡πÉ‡∏Å‡∏•‡πâ‡∏ï‡∏∂‡∏Å‡πÄ‡∏£‡∏µ‡∏¢‡∏ô,4,5,4,4,5,2,1,4,5,‡πÑ‡∏°‡πà‡∏°‡∏µ,
4/4/2024 22:41:00,‡∏¢‡∏¥‡∏ô‡∏¢‡∏≠‡∏°,‡∏´‡∏ç‡∏¥‡∏á,18-24 ‡∏õ‡∏µ,‡∏Ñ‡∏ì‡∏∞‡∏ß‡∏¥‡∏ó‡∏¢‡∏≤‡∏Å‡∏≤‡∏£‡πÄ‡∏£‡∏µ‡∏¢‡∏ô‡∏£‡∏π‡πâ ‡πÅ‡∏•‡∏∞‡∏®‡∏∂‡∏Å‡∏©‡∏≤‡∏®‡∏≤‡∏™‡∏ï‡∏£‡πå,64,"7,001 - 9,000 ‡∏ö‡∏≤‡∏ó","‡∏°‡∏∑‡πâ‡∏≠‡∏Å‡∏•‡∏≤‡∏á‡∏ß‡∏±‡∏ô, ‡∏°‡∏∑‡πâ‡∏≠‡πÄ‡∏¢‡πá‡∏ô, ‡∏°‡∏∑‡πâ‡∏≠‡∏î‡∏∂‡∏Å",51 - 100 ‡∏ö‡∏≤‡∏ó,"‡πÄ‡∏ú‡πá‡∏î, ‡πÄ‡∏õ‡∏£‡∏µ‡πâ‡∏¢‡∏ß, ‡πÄ‡∏Ñ‡πá‡∏°, ‡∏´‡∏ß‡∏≤‡∏ô",‡πÑ‡∏°‡πà‡πÅ‡∏û‡πâ‡∏≠‡∏≤‡∏´‡∏≤‡∏£‡∏´‡∏£‡∏∑‡∏≠‡∏°‡∏µ‡∏Ç‡πâ‡∏≠‡∏à‡∏≥‡∏Å‡∏±‡∏î‡πÉ‡∏î ‡πÜ,‡∏ä‡∏≤‡∏ö‡∏π,‡∏≠‡∏£‡πà‡∏≠‡∏¢‡πÄ‡πÄ‡∏•‡∏∞‡∏°‡∏µ‡∏´‡∏•‡∏≤‡∏Å‡∏´‡∏•‡∏≤‡∏¢,‡∏Å‡∏∞‡πÄ‡∏û‡∏£‡∏≤‡∏´‡∏°‡∏π,‡∏´‡∏≤‡∏Å‡∏¥‡∏ô‡∏á‡πà‡∏≤‡∏¢,3,‡πÇ‡∏£‡∏á‡∏≠‡∏≤‡∏´‡∏≤‡∏£ Green Canteen,‡∏™‡∏∞‡∏≠‡∏≤‡∏î‡∏≠‡∏≤‡∏´‡∏≤‡∏£‡∏≠‡∏£‡πà‡∏≠‡∏¢,4,3,5,5,3,3,5,5,4,‡πÑ‡∏°‡πà‡∏°‡∏µ,
4/4/2024 22:51:25,‡∏¢‡∏¥‡∏ô‡∏¢‡∏≠‡∏°,‡∏´‡∏ç‡∏¥‡∏á,18-24 ‡∏õ‡∏µ,‡∏Ñ‡∏ì‡∏∞‡∏ß‡∏¥‡∏ó‡∏¢‡∏≤‡∏Å‡∏≤‡∏£‡πÄ‡∏£‡∏µ‡∏¢‡∏ô‡∏£‡∏π‡πâ ‡πÅ‡∏•‡∏∞‡∏®‡∏∂‡∏Å‡∏©‡∏≤‡∏®‡∏≤‡∏™‡∏ï‡∏£‡πå,65,"‡∏°‡∏≤‡∏Å‡∏Å‡∏ß‡πà‡∏≤ 9,000 ‡∏ö‡∏≤‡∏ó","‡∏°‡∏∑‡πâ‡∏≠‡∏Å‡∏•‡∏≤‡∏á‡∏ß‡∏±‡∏ô, ‡∏°‡∏∑‡πâ‡∏≠‡πÄ‡∏¢‡πá‡∏ô",101 - 200 ‡∏ö‡∏≤‡∏ó,‡∏´‡∏ß‡∏≤‡∏ô,‡πÑ‡∏°‡πà‡πÅ‡∏û‡πâ‡∏≠‡∏≤‡∏´‡∏≤‡∏£‡∏´‡∏£‡∏∑‡∏≠‡∏°‡∏µ‡∏Ç‡πâ‡∏≠‡∏à‡∏≥‡∏Å‡∏±‡∏î‡πÉ‡∏î ‡πÜ,‡∏Ç‡πâ‡∏≤‡∏ß‡πÑ‡∏Ç‡πà‡πÄ‡∏à‡∏µ‡∏¢‡∏ß‡∏´‡∏°‡∏π‡∏™‡∏±‡∏ö,‡∏ó‡∏≥‡∏á‡πà‡∏≤‡∏¢‡πÅ‡∏•‡∏∞‡πÑ‡∏î‡πâ‡∏≠‡∏≤‡∏´‡∏≤‡∏£‡πÄ‡∏£‡πá‡∏ß,‡∏Ç‡πâ‡∏≤‡∏ß‡πÑ‡∏Ç‡πà‡πÄ‡∏à‡∏µ‡∏¢‡∏ß‡∏´‡∏°‡∏π‡∏™‡∏±‡∏ö,‡∏≠‡∏£‡πà‡∏≠‡∏¢‡∏´‡∏≤‡∏ó‡∏≤‡∏ô‡∏á‡πà‡∏≤‡∏¢,4,‡πÇ‡∏£‡∏á‡∏≠‡∏≤‡∏´‡∏≤‡∏£ JC,‡∏≠‡∏≤‡∏´‡∏≤‡∏£‡∏≠‡∏£‡πà‡∏≠‡∏¢‡πÅ‡∏•‡∏∞‡πÉ‡∏Å‡∏•‡πâ‡∏ó‡∏µ‡πà‡πÄ‡∏£‡∏µ‡∏¢‡∏ô,4,3,5,5,3,4,2,5,4,‡πÑ‡∏°‡πà‡∏°‡∏µ,
4/4/2024 22:59:25,‡∏¢‡∏¥‡∏ô‡∏¢‡∏≠‡∏°,‡∏ä‡∏≤‡∏¢,18-24 ‡∏õ‡∏µ,‡∏Ñ‡∏ì‡∏∞‡∏ß‡∏¥‡∏ó‡∏¢‡∏≤‡∏Å‡∏≤‡∏£‡πÄ‡∏£‡∏µ‡∏¢‡∏ô‡∏£‡∏π‡πâ ‡πÅ‡∏•‡∏∞‡∏®‡∏∂‡∏Å‡∏©‡∏≤‡∏®‡∏≤‡∏™‡∏ï‡∏£‡πå,64,"‡∏°‡∏≤‡∏Å‡∏Å‡∏ß‡πà‡∏≤ 9,000 ‡∏ö‡∏≤‡∏ó","‡∏°‡∏∑‡πâ‡∏≠‡∏Å‡∏•‡∏≤‡∏á‡∏ß‡∏±‡∏ô, ‡∏°‡∏∑‡πâ‡∏≠‡πÄ‡∏¢‡πá‡∏ô, ‡∏°‡∏∑‡πâ‡∏≠‡∏î‡∏∂‡∏Å",51 - 100 ‡∏ö‡∏≤‡∏ó,"‡πÄ‡∏ú‡πá‡∏î, ‡πÄ‡∏õ‡∏£‡∏µ‡πâ‡∏¢‡∏ß, ‡πÄ‡∏Ñ‡πá‡∏°",‡πÑ‡∏°‡πà‡πÅ‡∏û‡πâ‡∏≠‡∏≤‡∏´‡∏≤‡∏£‡∏´‡∏£‡∏∑‡∏≠‡∏°‡∏µ‡∏Ç‡πâ‡∏≠‡∏à‡∏≥‡∏Å‡∏±‡∏î‡πÉ‡∏î ‡πÜ,‡∏Å‡πã‡∏ß‡∏¢‡πÄ‡∏ï‡∏µ‡πã‡∏¢‡∏ß,‡∏°‡∏µ‡∏ô‡πâ‡∏≥‡∏ã‡∏∏‡∏õ‡∏´‡∏•‡∏≤‡∏Å‡∏´‡∏•‡∏≤‡∏¢,‡∏Å‡πã‡∏ß‡∏¢‡πÄ‡∏ï‡∏µ‡πã‡∏¢‡∏ß,‡πÑ‡∏î‡πâ‡∏£‡∏±‡∏ö‡∏≠‡∏≤‡∏´‡∏≤‡∏£‡πÄ‡∏£‡πá‡∏ß,2,‡πÇ‡∏£‡∏á‡∏≠‡∏≤‡∏´‡∏≤‡∏£ SC,‡πÉ‡∏Å‡∏•‡πâ‡∏ó‡∏µ‡πà‡πÄ‡∏£‡∏µ‡∏¢‡∏ô‡πÄ‡πÄ‡∏•‡∏∞‡∏≠‡∏£‡πà‡∏≠‡∏¢,3,5,5,3,3,3,2,2,4,‡∏°‡∏µ,‡πÄ‡∏û‡∏¥‡πà‡∏°‡∏à‡∏≥‡∏ô‡∏ß‡∏ô‡∏£‡πâ‡∏≤‡∏ô‡∏≠‡∏≤‡∏´‡∏≤‡∏£
4/4/2024 23:02:37,‡∏¢‡∏¥‡∏ô‡∏¢‡∏≠‡∏°,‡∏´‡∏ç‡∏¥‡∏á,18-24 ‡∏õ‡∏µ,‡∏Ñ‡∏ì‡∏∞‡∏ß‡∏¥‡∏ó‡∏¢‡∏≤‡∏Å‡∏≤‡∏£‡πÄ‡∏£‡∏µ‡∏¢‡∏ô‡∏£‡∏π‡πâ ‡πÅ‡∏•‡∏∞‡∏®‡∏∂‡∏Å‡∏©‡∏≤‡∏®‡∏≤‡∏™‡∏ï‡∏£‡πå,64,"7,001 - 9,000 ‡∏ö‡∏≤‡∏ó","‡∏°‡∏∑‡πâ‡∏≠‡∏Å‡∏•‡∏≤‡∏á‡∏ß‡∏±‡∏ô, ‡∏°‡∏∑‡πâ‡∏≠‡πÄ‡∏¢‡πá‡∏ô, ‡∏°‡∏∑‡πâ‡∏≠‡∏î‡∏∂‡∏Å",51 - 100 ‡∏ö‡∏≤‡∏ó,"‡πÄ‡∏õ‡∏£‡∏µ‡πâ‡∏¢‡∏ß, ‡πÄ‡∏Ñ‡πá‡∏°",‡πÑ‡∏°‡πà‡πÅ‡∏û‡πâ‡∏≠‡∏≤‡∏´‡∏≤‡∏£‡∏´‡∏£‡∏∑‡∏≠‡∏°‡∏µ‡∏Ç‡πâ‡∏≠‡∏à‡∏≥‡∏Å‡∏±‡∏î‡πÉ‡∏î ‡πÜ,‡∏¢‡∏≥‡∏¢‡∏π‡∏õ‡πâ‡∏≤,‡∏≠‡∏£‡πà‡∏≠‡∏¢‡πÄ‡πÄ‡∏•‡∏∞‡∏™‡∏∞‡∏≠‡∏≤‡∏î,‡∏¢‡∏≥‡∏¢‡∏π‡∏õ‡πâ‡∏≤,‡∏Ñ‡∏ß‡∏≤‡∏°‡∏ä‡∏≠‡∏ö‡∏™‡πà‡∏ß‡∏ô‡∏ï‡∏±‡∏ß,4,‡πÇ‡∏£‡∏á‡∏≠‡∏≤‡∏´‡∏≤‡∏£ SC,‡∏£‡πâ‡∏≤‡∏ô‡∏≠‡∏≤‡∏´‡∏≤‡∏£‡∏≠‡∏£‡πà‡∏≠‡∏¢‡πÅ‡∏•‡∏∞‡∏™‡∏∞‡∏≠‡∏≤‡∏î,4,2,5,5,4,3,3,2,5,‡πÑ‡∏°‡πà‡∏°‡∏µ,
4/5/2024 11:57:53,‡∏¢‡∏¥‡∏ô‡∏¢‡∏≠‡∏°,‡∏ä‡∏≤‡∏¢,18-24 ‡∏õ‡∏µ,‡∏Ñ‡∏ì‡∏∞‡∏ß‡∏¥‡∏ó‡∏¢‡∏≤‡∏Å‡∏≤‡∏£‡πÄ‡∏£‡∏µ‡∏¢‡∏ô‡∏£‡∏π‡πâ ‡πÅ‡∏•‡∏∞‡∏®‡∏∂‡∏Å‡∏©‡∏≤‡∏®‡∏≤‡∏™‡∏ï‡∏£‡πå,64,"7,001 - 9,000 ‡∏ö‡∏≤‡∏ó","‡∏°‡∏∑‡πâ‡∏≠‡∏Å‡∏•‡∏≤‡∏á‡∏ß‡∏±‡∏ô, ‡∏°‡∏∑‡πâ‡∏≠‡πÄ‡∏¢‡πá‡∏ô",51 - 100 ‡∏ö‡∏≤‡∏ó,‡πÄ‡∏Ñ‡πá‡∏°,‡πÑ‡∏°‡πà‡πÅ‡∏û‡πâ‡∏≠‡∏≤‡∏´‡∏≤‡∏£‡∏´‡∏£‡∏∑‡∏≠‡∏°‡∏µ‡∏Ç‡πâ‡∏≠‡∏à‡∏≥‡∏Å‡∏±‡∏î‡πÉ‡∏î ‡πÜ,‡∏ä‡∏≤‡∏ö‡∏π,‡∏≠‡∏£‡πà‡∏≠‡∏¢‡πÄ‡πÄ‡∏•‡∏∞‡∏´‡∏•‡∏≤‡∏Å‡∏´‡∏•‡∏≤‡∏¢,‡∏Å‡πã‡∏ß‡∏¢‡πÄ‡∏ï‡∏µ‡πã‡∏¢‡∏ß,‡∏°‡∏µ‡∏ô‡πâ‡∏≥‡∏ã‡∏∏‡∏õ‡∏ó‡∏µ‡πà‡∏´‡∏•‡∏≤‡∏Å‡∏´‡∏•‡∏≤‡∏¢,2,‡πÇ‡∏£‡∏á‡∏≠‡∏≤‡∏´‡∏≤‡∏£ SC,‡πÉ‡∏Å‡∏•‡πâ‡∏ó‡∏µ‡πà‡πÄ‡∏£‡∏µ‡∏¢‡∏ô‡πÄ‡πÄ‡∏•‡∏∞‡∏≠‡∏≤‡∏´‡∏≤‡∏£‡∏´‡∏•‡∏≤‡∏Å‡∏´‡∏•‡∏≤‡∏¢,3,5,4,4,5,5,2,5,4,‡πÑ‡∏°‡πà‡∏°‡∏µ,
4/5/2024 12:14:02,‡∏¢‡∏¥‡∏ô‡∏¢‡∏≠‡∏°,‡∏´‡∏ç‡∏¥‡∏á,18-24 ‡∏õ‡∏µ,‡∏Ñ‡∏ì‡∏∞‡∏ß‡∏¥‡∏ó‡∏¢‡∏≤‡∏Å‡∏≤‡∏£‡πÄ‡∏£‡∏µ‡∏¢‡∏ô‡∏£‡∏π‡πâ ‡πÅ‡∏•‡∏∞‡∏®‡∏∂‡∏Å‡∏©‡∏≤‡∏®‡∏≤‡∏™‡∏ï‡∏£‡πå,64,"7,001 - 9,000 ‡∏ö‡∏≤‡∏ó","‡∏°‡∏∑‡πâ‡∏≠‡∏Å‡∏•‡∏≤‡∏á‡∏ß‡∏±‡∏ô, ‡∏°‡∏∑‡πâ‡∏≠‡πÄ‡∏¢‡πá‡∏ô",30 - 50 ‡∏ö‡∏≤‡∏ó,"‡πÄ‡∏õ‡∏£‡∏µ‡πâ‡∏¢‡∏ß, ‡πÄ‡∏Ñ‡πá‡∏°, ‡∏´‡∏ß‡∏≤‡∏ô",‡πÑ‡∏°‡πà‡πÅ‡∏û‡πâ‡∏≠‡∏≤‡∏´‡∏≤‡∏£‡∏´‡∏£‡∏∑‡∏≠‡∏°‡∏µ‡∏Ç‡πâ‡∏≠‡∏à‡∏≥‡∏Å‡∏±‡∏î‡πÉ‡∏î ‡πÜ,‡∏™‡πâ‡∏°‡∏ï‡∏≥,‡∏Ñ‡∏£‡∏ö‡∏£‡∏™‡∏ä‡∏≤‡∏ï‡∏¥,‡∏¢‡∏≥‡∏°‡∏≤‡∏°‡πà‡∏≤,‡∏´‡∏≤‡∏Å‡∏¥‡∏ô‡πÉ‡∏ô‡∏°‡∏´‡∏≤‡∏•‡∏±‡∏¢‡∏á‡πà‡∏≤‡∏¢,4,‡πÇ‡∏£‡∏á‡∏≠‡∏≤‡∏´‡∏≤‡∏£ SC,‡∏°‡∏µ‡∏£‡πâ‡∏≤‡∏ô‡∏≠‡∏≤‡∏´‡∏≤‡∏£‡∏≠‡∏£‡πà‡∏≠‡∏¢‡πÄ‡∏¢‡∏≠‡∏∞,5,3,5,5,2,3,2,4,4,‡πÑ‡∏°‡πà‡∏°‡∏µ,
4/6/2024 9:27:31,‡∏¢‡∏¥‡∏ô‡∏¢‡∏≠‡∏°,‡∏ä‡∏≤‡∏¢,18-24 ‡∏õ‡∏µ,‡∏Ñ‡∏ì‡∏∞‡∏ß‡∏¥‡∏ó‡∏¢‡∏≤‡∏Å‡∏≤‡∏£‡πÄ‡∏£‡∏µ‡∏¢‡∏ô‡∏£‡∏π‡πâ ‡πÅ‡∏•‡∏∞‡∏®‡∏∂‡∏Å‡∏©‡∏≤‡∏®‡∏≤‡∏™‡∏ï‡∏£‡πå,65,"‡∏°‡∏≤‡∏Å‡∏Å‡∏ß‡πà‡∏≤ 9,000 ‡∏ö‡∏≤‡∏ó","‡∏°‡∏∑‡πâ‡∏≠‡∏Å‡∏•‡∏≤‡∏á‡∏ß‡∏±‡∏ô, ‡∏°‡∏∑‡πâ‡∏≠‡∏î‡∏∂‡∏Å",30 - 50 ‡∏ö‡∏≤‡∏ó,"‡πÄ‡∏ú‡πá‡∏î, ‡πÄ‡∏õ‡∏£‡∏µ‡πâ‡∏¢‡∏ß, ‡πÄ‡∏Ñ‡πá‡∏°",‡πÑ‡∏°‡πà‡πÅ‡∏û‡πâ‡∏≠‡∏≤‡∏´‡∏≤‡∏£‡∏´‡∏£‡∏∑‡∏≠‡∏°‡∏µ‡∏Ç‡πâ‡∏≠‡∏à‡∏≥‡∏Å‡∏±‡∏î‡πÉ‡∏î ‡πÜ,‡∏´‡∏°‡∏π‡∏Å‡∏£‡∏∞‡∏ó‡∏∞,‡∏≠‡∏£‡πà‡∏≠‡∏¢‡πÄ‡πÄ‡∏•‡∏∞‡∏´‡∏•‡∏≤‡∏Å‡∏´‡∏•‡∏≤‡∏¢,‡∏Ç‡πâ‡∏≤‡∏ß‡πÄ‡∏´‡∏ô‡∏µ‡∏¢‡∏ß‡πÑ‡∏Å‡πà‡∏õ‡∏¥‡πâ‡∏á,‡∏´‡∏≤‡∏ó‡∏≤‡∏ô‡∏á‡πà‡∏≤‡∏¢‡πÄ‡πÄ‡∏•‡∏∞‡πÑ‡∏î‡πâ‡∏£‡∏±‡∏ö‡∏Ç‡∏≠‡∏á‡πÄ‡∏£‡πá‡∏ß,3,‡πÇ‡∏£‡∏á‡∏≠‡∏≤‡∏´‡∏≤‡∏£ Green Canteen,‡∏≠‡∏≤‡∏´‡∏≤‡∏£‡∏≠‡∏£‡πà‡∏≠‡∏¢‡πÄ‡πÄ‡∏•‡∏∞‡∏´‡∏•‡∏≤‡∏Å‡∏´‡∏•‡∏≤‡∏¢,2,4,3,4,5,2,2,5,5,‡πÑ‡∏°‡πà‡∏°‡∏µ,
4/6/2024 9:34:35,‡∏¢‡∏¥‡∏ô‡∏¢‡∏≠‡∏°,‡∏ä‡∏≤‡∏¢,18-24 ‡∏õ‡∏µ,‡∏Ñ‡∏ì‡∏∞‡∏ß‡∏¥‡∏ó‡∏¢‡∏≤‡∏Å‡∏≤‡∏£‡πÄ‡∏£‡∏µ‡∏¢‡∏ô‡∏£‡∏π‡πâ ‡πÅ‡∏•‡∏∞‡∏®‡∏∂‡∏Å‡∏©‡∏≤‡∏®‡∏≤‡∏™‡∏ï‡∏£‡πå,65,"7,001 - 9,000 ‡∏ö‡∏≤‡∏ó","‡∏°‡∏∑‡πâ‡∏≠‡πÄ‡∏ä‡πâ‡∏≤, ‡∏°‡∏∑‡πâ‡∏≠‡∏Å‡∏•‡∏≤‡∏á‡∏ß‡∏±‡∏ô, ‡∏°‡∏∑‡πâ‡∏≠‡πÄ‡∏¢‡πá‡∏ô",51 - 100 ‡∏ö‡∏≤‡∏ó,"‡πÄ‡∏Ñ‡πá‡∏°, ‡∏´‡∏ß‡∏≤‡∏ô",‡πÄ‡πÄ‡∏û‡πâ‡∏≠‡∏≤‡∏´‡∏≤‡∏£‡∏ó‡∏∞‡πÄ‡∏•,‡πÑ‡∏Å‡πà‡πÄ‡∏Å‡∏≤‡∏´‡∏•‡∏µ,‡∏≠‡∏£‡πà‡∏≠‡∏¢,‡∏Ç‡πâ‡∏≤‡∏ß‡∏ú‡∏±‡∏î,‡∏£‡∏≠‡∏≠‡∏≤‡∏´‡∏≤‡∏£‡πÑ‡∏°‡πà‡∏ô‡∏≤‡∏ô‡∏°‡∏≤‡∏Å,1,‡πÇ‡∏£‡∏á‡∏≠‡∏≤‡∏´‡∏≤‡∏£ SC,‡πÉ‡∏Å‡∏•‡πâ‡∏ó‡∏µ‡πà‡πÄ‡∏£‡∏µ‡∏¢‡∏ô,5,4,3,5,5,2,2,4,4,‡πÑ‡∏°‡πà‡∏°‡∏µ,
4/6/2024 9:45:35,‡∏¢‡∏¥‡∏ô‡∏¢‡∏≠‡∏°,‡∏ä‡∏≤‡∏¢,18-24 ‡∏õ‡∏µ,‡∏Ñ‡∏ì‡∏∞‡∏ß‡∏¥‡∏ó‡∏¢‡∏≤‡∏Å‡∏≤‡∏£‡πÄ‡∏£‡∏µ‡∏¢‡∏ô‡∏£‡∏π‡πâ ‡πÅ‡∏•‡∏∞‡∏®‡∏∂‡∏Å‡∏©‡∏≤‡∏®‡∏≤‡∏™‡∏ï‡∏£‡πå,65,"‡∏°‡∏≤‡∏Å‡∏Å‡∏ß‡πà‡∏≤ 9,000 ‡∏ö‡∏≤‡∏ó","‡∏°‡∏∑‡πâ‡∏≠‡∏Å‡∏•‡∏≤‡∏á‡∏ß‡∏±‡∏ô, ‡∏°‡∏∑‡πâ‡∏≠‡πÄ‡∏¢‡πá‡∏ô",51 - 100 ‡∏ö‡∏≤‡∏ó,‡∏´‡∏ß‡∏≤‡∏ô,‡πÑ‡∏°‡πà‡πÅ‡∏û‡πâ‡∏≠‡∏≤‡∏´‡∏≤‡∏£‡∏´‡∏£‡∏∑‡∏≠‡∏°‡∏µ‡∏Ç‡πâ‡∏≠‡∏à‡∏≥‡∏Å‡∏±‡∏î‡πÉ‡∏î ‡πÜ,‡∏°‡∏≤‡∏°‡πà‡∏≤,‡∏ä‡∏≠‡∏ö‡∏Å‡∏¥‡∏ô‡∏ï‡∏±‡πâ‡∏á‡πÄ‡πÄ‡∏ï‡πà‡πÄ‡∏î‡πá‡∏Å,‡∏°‡∏≤‡∏°‡πà‡∏≤,‡∏ó‡∏≥‡πÄ‡∏£‡πá‡∏ß,2,‡πÇ‡∏£‡∏á‡∏≠‡∏≤‡∏´‡∏≤‡∏£ SC,‡∏°‡∏µ‡∏°‡∏≤‡∏°‡πà‡∏≤‡∏Ç‡∏≤‡∏¢,3,5,3,3,5,2,5,5,5,‡∏°‡∏µ,‡∏õ‡∏£‡∏±‡∏ö‡πÄ‡∏£‡∏∑‡πà‡∏≠‡∏á‡∏£‡∏≤‡∏Ñ‡∏≤
4/6/2024 10:13:41,‡∏¢‡∏¥‡∏ô‡∏¢‡∏≠‡∏°,‡∏ä‡∏≤‡∏¢,18-24 ‡∏õ‡∏µ,‡∏Ñ‡∏ì‡∏∞‡∏ß‡∏¥‡∏ó‡∏¢‡∏≤‡∏Å‡∏≤‡∏£‡πÄ‡∏£‡∏µ‡∏¢‡∏ô‡∏£‡∏π‡πâ ‡πÅ‡∏•‡∏∞‡∏®‡∏∂‡∏Å‡∏©‡∏≤‡∏®‡∏≤‡∏™‡∏ï‡∏£‡πå,65,"‡∏°‡∏≤‡∏Å‡∏Å‡∏ß‡πà‡∏≤ 9,000 ‡∏ö‡∏≤‡∏ó","‡∏°‡∏∑‡πâ‡∏≠‡πÄ‡∏ä‡πâ‡∏≤, ‡∏°‡∏∑‡πâ‡∏≠‡∏Å‡∏•‡∏≤‡∏á‡∏ß‡∏±‡∏ô, ‡∏°‡∏∑‡πâ‡∏≠‡πÄ‡∏¢‡πá‡∏ô",51 - 100 ‡∏ö‡∏≤‡∏ó,"‡πÄ‡∏ú‡πá‡∏î, ‡πÄ‡∏õ‡∏£‡∏µ‡πâ‡∏¢‡∏ß, ‡πÄ‡∏Ñ‡πá‡∏°",‡πÑ‡∏°‡πà‡πÅ‡∏û‡πâ‡∏≠‡∏≤‡∏´‡∏≤‡∏£‡∏´‡∏£‡∏∑‡∏≠‡∏°‡∏µ‡∏Ç‡πâ‡∏≠‡∏à‡∏≥‡∏Å‡∏±‡∏î‡πÉ‡∏î ‡πÜ,‡∏™‡πâ‡∏°‡∏ï‡∏≥,‡∏Ñ‡∏£‡∏ö‡∏£‡∏™‡∏ä‡∏≤‡∏ï‡∏¥,‡∏™‡πâ‡∏°‡∏ï‡∏≥,‡∏°‡∏µ‡∏£‡πâ‡∏≤‡∏ô‡πÄ‡∏¢‡∏≠‡∏∞‡∏´‡∏≤‡∏Å‡∏¥‡∏ô‡∏á‡πà‡∏≤‡∏¢,1,‡πÇ‡∏£‡∏á‡∏≠‡∏≤‡∏´‡∏≤‡∏£ SC,‡πÉ‡∏Å‡∏•‡πâ‡∏ó‡∏µ‡πà‡πÄ‡∏£‡∏µ‡∏¢‡∏ô‡πÄ‡πÄ‡∏•‡∏∞‡∏≠‡∏≤‡∏´‡∏≤‡∏£‡∏´‡∏•‡∏≤‡∏Å‡∏´‡∏•‡∏≤‡∏¢,5,5,3,5,5,2,2,5,5,‡πÑ‡∏°‡πà‡∏°‡∏µ,
4/6/2024 13:45:04,‡∏¢‡∏¥‡∏ô‡∏¢‡∏≠‡∏°,‡∏´‡∏ç‡∏¥‡∏á,18-24 ‡∏õ‡∏µ,‡∏Ñ‡∏ì‡∏∞‡∏û‡∏≤‡∏ì‡∏¥‡∏ä‡∏¢‡∏®‡∏≤‡∏™‡∏ï‡∏£‡πå ‡πÅ‡∏•‡∏∞‡∏Å‡∏≤‡∏£‡∏ö‡∏±‡∏ç‡∏ä‡∏µ,65,"5,001 - 7,000 ‡∏ö‡∏≤‡∏ó","‡∏°‡∏∑‡πâ‡∏≠‡∏Å‡∏•‡∏≤‡∏á‡∏ß‡∏±‡∏ô, ‡∏°‡∏∑‡πâ‡∏≠‡πÄ‡∏¢‡πá‡∏ô",101 - 200 ‡∏ö‡∏≤‡∏ó,"‡πÄ‡∏ú‡πá‡∏î, ‡πÄ‡∏õ‡∏£‡∏µ‡πâ‡∏¢‡∏ß, ‡∏´‡∏ß‡∏≤‡∏ô",‡πÑ‡∏°‡πà‡πÅ‡∏û‡πâ‡∏≠‡∏≤‡∏´‡∏≤‡∏£‡∏´‡∏£‡∏∑‡∏≠‡∏°‡∏µ‡∏Ç‡πâ‡∏≠‡∏à‡∏≥‡∏Å‡∏±‡∏î‡πÉ‡∏î ‡πÜ,‡∏¢‡∏≥‡πÅ‡∏ã‡∏•‡∏°‡πà‡∏≠‡∏ô,‡πÅ‡∏ã‡πà‡∏ö,‡∏Ç‡πâ‡∏≤‡∏ß‡∏´‡∏°‡∏π‡∏Å‡∏£‡∏≠‡∏ö,‡∏´‡∏≤‡∏ó‡∏≤‡∏ô‡∏á‡πà‡∏≤‡∏¢,4,‡πÇ‡∏£‡∏á‡∏≠‡∏≤‡∏´‡∏≤‡∏£ SC,‡∏≠‡∏£‡πà‡∏≠‡∏¢‡πÅ‡∏•‡∏∞‡πÉ‡∏Å‡∏•‡πâ‡∏ó‡∏µ‡πà‡∏™‡∏∏‡∏î,4,3,5,5,3,1,1,4,5,‡πÑ‡∏°‡πà‡∏°‡∏µ,
4/6/2024 13:48:33,‡∏¢‡∏¥‡∏ô‡∏¢‡∏≠‡∏°,‡∏´‡∏ç‡∏¥‡∏á,18-24 ‡∏õ‡∏µ,‡∏Ñ‡∏ì‡∏∞‡∏û‡∏≤‡∏ì‡∏¥‡∏ä‡∏¢‡∏®‡∏≤‡∏™‡∏ï‡∏£‡πå ‡πÅ‡∏•‡∏∞‡∏Å‡∏≤‡∏£‡∏ö‡∏±‡∏ç‡∏ä‡∏µ,66,"‡∏°‡∏≤‡∏Å‡∏Å‡∏ß‡πà‡∏≤ 9,000 ‡∏ö‡∏≤‡∏ó","‡∏°‡∏∑‡πâ‡∏≠‡∏Å‡∏•‡∏≤‡∏á‡∏ß‡∏±‡∏ô, ‡∏°‡∏∑‡πâ‡∏≠‡πÄ‡∏¢‡πá‡∏ô",51 - 100 ‡∏ö‡∏≤‡∏ó,"‡πÄ‡∏ú‡πá‡∏î, ‡πÄ‡∏õ‡∏£‡∏µ‡πâ‡∏¢‡∏ß, ‡πÄ‡∏Ñ‡πá‡∏°",‡πÑ‡∏°‡πà‡πÅ‡∏û‡πâ‡∏≠‡∏≤‡∏´‡∏≤‡∏£‡∏´‡∏£‡∏∑‡∏≠‡∏°‡∏µ‡∏Ç‡πâ‡∏≠‡∏à‡∏≥‡∏Å‡∏±‡∏î‡πÉ‡∏î ‡πÜ,‡∏Å‡πã‡∏ß‡∏¢‡πÄ‡∏ï‡∏µ‡πã‡∏¢‡∏ß‡πÄ‡∏™‡πâ‡∏ô‡πÄ‡∏•‡πá‡∏Å,‡∏≠‡∏£‡πà‡∏≠‡∏¢ ‡∏ñ‡∏π‡∏Å ‡∏´‡∏≤‡∏ó‡∏≤‡∏ô‡∏á‡πà‡∏≤‡∏¢,‡∏Å‡πã‡∏ß‡∏¢‡πÄ‡∏ï‡∏µ‡πã‡∏¢‡∏ß‡πÄ‡∏™‡πâ‡∏ô‡πÄ‡∏•‡πá‡∏Å,‡∏≠‡∏£‡πà‡∏≠‡∏¢ ‡∏ñ‡∏π‡∏Å,5,‡πÇ‡∏£‡∏á‡∏≠‡∏≤‡∏´‡∏≤‡∏£ SC,‡πÉ‡∏Å‡∏•‡πâ‡∏ó‡∏µ‡πà‡∏™‡∏∏‡∏î‡πÅ‡∏•‡∏∞‡∏≠‡∏£‡πà‡∏≠‡∏¢‡∏ó‡∏µ‡πà‡∏™‡∏∏‡∏î,5,3,5,5,5,3,1,5,5,‡πÑ‡∏°‡πà‡∏°‡∏µ,
4/6/2024 13:53:27,‡∏¢‡∏¥‡∏ô‡∏¢‡∏≠‡∏°,‡∏´‡∏ç‡∏¥‡∏á,18-24 ‡∏õ‡∏µ,‡∏Ñ‡∏ì‡∏∞‡∏û‡∏≤‡∏ì‡∏¥‡∏ä‡∏¢‡∏®‡∏≤‡∏™‡∏ï‡∏£‡πå ‡πÅ‡∏•‡∏∞‡∏Å‡∏≤‡∏£‡∏ö‡∏±‡∏ç‡∏ä‡∏µ,65,"7,001 - 9,000 ‡∏ö‡∏≤‡∏ó","‡∏°‡∏∑‡πâ‡∏≠‡πÄ‡∏ä‡πâ‡∏≤, ‡∏°‡∏∑‡πâ‡∏≠‡∏Å‡∏•‡∏≤‡∏á‡∏ß‡∏±‡∏ô",51 - 100 ‡∏ö‡∏≤‡∏ó,"‡πÄ‡∏õ‡∏£‡∏µ‡πâ‡∏¢‡∏ß, ‡πÄ‡∏Ñ‡πá‡∏°, ‡∏´‡∏ß‡∏≤‡∏ô",‡πÑ‡∏°‡πà‡πÅ‡∏û‡πâ‡∏≠‡∏≤‡∏´‡∏≤‡∏£‡∏´‡∏£‡∏∑‡∏≠‡∏°‡∏µ‡∏Ç‡πâ‡∏≠‡∏à‡∏≥‡∏Å‡∏±‡∏î‡πÉ‡∏î ‡πÜ,‡∏ä‡∏≤‡∏ö‡∏π,‡πÑ‡∏î‡πâ‡∏ó‡∏≤‡∏ô‡∏´‡∏•‡∏≤‡∏Å‡∏´‡∏•‡∏≤‡∏¢‡πÉ‡∏ô‡∏°‡∏∑‡πâ‡∏≠‡πÄ‡∏î‡∏µ‡∏¢‡∏ß,‡∏Ç‡πâ‡∏≤‡∏ß‡πÑ‡∏Ç‡πà‡∏Ç‡πâ‡∏ô,‡∏ñ‡∏π‡∏Å,5,‡πÇ‡∏£‡∏á‡∏≠‡∏≤‡∏´‡∏≤‡∏£ SC,‡πÉ‡∏Å‡∏•‡πâ,5,5,5,5,3,4,4,5,5,‡πÑ‡∏°‡πà‡∏°‡∏µ,
4/6/2024 13:55:22,‡∏¢‡∏¥‡∏ô‡∏¢‡∏≠‡∏°,‡∏ä‡∏≤‡∏¢,18-24 ‡∏õ‡∏µ,‡∏Ñ‡∏ì‡∏∞‡∏û‡∏≤‡∏ì‡∏¥‡∏ä‡∏¢‡∏®‡∏≤‡∏™‡∏ï‡∏£‡πå ‡πÅ‡∏•‡∏∞‡∏Å‡∏≤‡∏£‡∏ö‡∏±‡∏ç‡∏ä‡∏µ,65,"7,001 - 9,000 ‡∏ö‡∏≤‡∏ó","‡∏°‡∏∑‡πâ‡∏≠‡πÄ‡∏ä‡πâ‡∏≤, ‡∏°‡∏∑‡πâ‡∏≠‡∏Å‡∏•‡∏≤‡∏á‡∏ß‡∏±‡∏ô, ‡∏°‡∏∑‡πâ‡∏≠‡πÄ‡∏¢‡πá‡∏ô",51 - 100 ‡∏ö‡∏≤‡∏ó,"‡πÄ‡∏õ‡∏£‡∏µ‡πâ‡∏¢‡∏ß, ‡πÄ‡∏Ñ‡πá‡∏°",‡πÑ‡∏°‡πà‡πÅ‡∏û‡πâ‡∏≠‡∏≤‡∏´‡∏≤‡∏£‡∏´‡∏£‡∏∑‡∏≠‡∏°‡∏µ‡∏Ç‡πâ‡∏≠‡∏à‡∏≥‡∏Å‡∏±‡∏î‡πÉ‡∏î ‡πÜ,‡∏Ç‡πâ‡∏≤‡∏ß‡∏ú‡∏±‡∏î‡∏õ‡∏π,‡∏≠‡∏£‡πà‡∏≠‡∏¢,‡∏Ç‡πâ‡∏≤‡∏ß‡∏ú‡∏±‡∏î‡∏´‡∏°‡∏π,‡∏´‡∏≤‡∏Å‡∏¥‡∏ô‡∏á‡πà‡∏≤‡∏¢ ‡∏ñ‡∏π‡∏Å,5,‡πÇ‡∏£‡∏á‡∏≠‡∏≤‡∏´‡∏≤‡∏£‡∏Ñ‡∏ì‡∏∞‡∏ß‡∏¥‡∏®‡∏ß‡∏∞‡∏Ø,‡πÑ‡∏õ‡∏Å‡∏¥‡∏ô‡∏Å‡∏±‡∏ö‡πÄ‡∏û‡∏∑‡πà‡∏≠‡∏ô‡∏Ñ‡∏ì‡∏∞‡∏ß‡∏¥‡∏®‡∏ß‡∏∞,5,5,5,4,3,3,1,5,4,‡πÑ‡∏°‡πà‡∏°‡∏µ,
4/6/2024 14:07:24,‡∏¢‡∏¥‡∏ô‡∏¢‡∏≠‡∏°,‡∏´‡∏ç‡∏¥‡∏á,‡∏ï‡πà‡∏≥‡∏Å‡∏ß‡πà‡∏≤ 18 ‡∏õ‡∏µ,‡∏Ñ‡∏ì‡∏∞‡∏û‡∏≤‡∏ì‡∏¥‡∏ä‡∏¢‡∏®‡∏≤‡∏™‡∏ï‡∏£‡πå ‡πÅ‡∏•‡∏∞‡∏Å‡∏≤‡∏£‡∏ö‡∏±‡∏ç‡∏ä‡∏µ,66,"5,001 - 7,000 ‡∏ö‡∏≤‡∏ó","‡∏°‡∏∑‡πâ‡∏≠‡∏Å‡∏•‡∏≤‡∏á‡∏ß‡∏±‡∏ô, ‡∏°‡∏∑‡πâ‡∏≠‡πÄ‡∏¢‡πá‡∏ô",30 - 50 ‡∏ö‡∏≤‡∏ó,"‡πÄ‡∏ú‡πá‡∏î, ‡πÄ‡∏õ‡∏£‡∏µ‡πâ‡∏¢‡∏ß, ‡πÄ‡∏Ñ‡πá‡∏°, ‡∏´‡∏ß‡∏≤‡∏ô",‡πÑ‡∏°‡πà‡πÅ‡∏û‡πâ‡∏≠‡∏≤‡∏´‡∏≤‡∏£‡∏´‡∏£‡∏∑‡∏≠‡∏°‡∏µ‡∏Ç‡πâ‡∏≠‡∏à‡∏≥‡∏Å‡∏±‡∏î‡πÉ‡∏î ‡πÜ,‡∏Ç‡πâ‡∏≤‡∏ß‡∏´‡∏°‡∏π‡∏ó‡∏≠‡∏î‡∏Å‡∏£‡∏∞‡πÄ‡∏ó‡∏µ‡∏¢‡∏°,‡∏≠‡∏£‡πà‡∏≠‡∏¢,‡∏Ç‡πâ‡∏≤‡∏ß‡∏°‡∏±‡∏ô‡πÑ‡∏Å‡πà‡∏ï‡πâ‡∏°,‡∏´‡∏≤‡∏á‡πà‡∏≤‡∏¢ ‡∏≠‡∏£‡πà‡∏≠‡∏¢ ‡∏ñ‡∏π‡∏Å,5,‡πÇ‡∏£‡∏á‡∏≠‡∏≤‡∏´‡∏≤‡∏£ Green Canteen,‡∏≠‡∏£‡πà‡∏≠‡∏¢,5,4,5,4,3,3,5,5,4,‡πÑ‡∏°‡πà‡∏°‡∏µ,
4/6/2024 14:12:40,‡∏¢‡∏¥‡∏ô‡∏¢‡∏≠‡∏°,‡∏´‡∏ç‡∏¥‡∏á,18-24 ‡∏õ‡∏µ,‡∏Ñ‡∏ì‡∏∞‡∏û‡∏≤‡∏ì‡∏¥‡∏ä‡∏¢‡∏®‡∏≤‡∏™‡∏ï‡∏£‡πå ‡πÅ‡∏•‡∏∞‡∏Å‡∏≤‡∏£‡∏ö‡∏±‡∏ç‡∏ä‡∏µ,65,"7,001 - 9,000 ‡∏ö‡∏≤‡∏ó","‡∏°‡∏∑‡πâ‡∏≠‡πÄ‡∏ä‡πâ‡∏≤, ‡∏°‡∏∑‡πâ‡∏≠‡∏Å‡∏•‡∏≤‡∏á‡∏ß‡∏±‡∏ô, ‡∏°‡∏∑‡πâ‡∏≠‡πÄ‡∏¢‡πá‡∏ô",51 - 100 ‡∏ö‡∏≤‡∏ó,"‡πÄ‡∏õ‡∏£‡∏µ‡πâ‡∏¢‡∏ß, ‡∏´‡∏ß‡∏≤‡∏ô",‡πÑ‡∏°‡πà‡πÅ‡∏û‡πâ‡∏≠‡∏≤‡∏´‡∏≤‡∏£‡∏´‡∏£‡∏∑‡∏≠‡∏°‡∏µ‡∏Ç‡πâ‡∏≠‡∏à‡∏≥‡∏Å‡∏±‡∏î‡πÉ‡∏î ‡πÜ,‡∏ö‡∏¥‡∏á‡∏ã‡∏π,‡∏´‡∏ß‡∏≤‡∏ô‡∏≠‡∏£‡πà‡∏≠‡∏¢,‡∏Å‡πã‡∏ß‡∏¢‡πÄ‡∏ï‡∏µ‡πã‡∏¢‡∏ß‡πÑ‡∏Å‡πà,‡∏ñ‡∏π‡∏Å,5,‡πÇ‡∏£‡∏á‡∏≠‡∏≤‡∏´‡∏≤‡∏£ SC,‡πÉ‡∏Å‡∏•‡πâ‡∏ó‡∏µ‡πà‡∏™‡∏∏‡∏î ‡∏≠‡∏£‡πà‡∏≠‡∏¢‡∏î‡πâ‡∏ß‡∏¢,3,5,5,5,5,5,3,5,5,‡πÑ‡∏°‡πà‡∏°‡∏µ,
4/6/2024 14:15:52,‡∏¢‡∏¥‡∏ô‡∏¢‡∏≠‡∏°,‡∏´‡∏ç‡∏¥‡∏á,18-24 ‡∏õ‡∏µ,‡∏Ñ‡∏ì‡∏∞‡∏û‡∏≤‡∏ì‡∏¥‡∏ä‡∏¢‡∏®‡∏≤‡∏™‡∏ï‡∏£‡πå ‡πÅ‡∏•‡∏∞‡∏Å‡∏≤‡∏£‡∏ö‡∏±‡∏ç‡∏ä‡∏µ,65,"‡∏°‡∏≤‡∏Å‡∏Å‡∏ß‡πà‡∏≤ 9,000 ‡∏ö‡∏≤‡∏ó","‡∏°‡∏∑‡πâ‡∏≠‡πÄ‡∏ä‡πâ‡∏≤, ‡∏°‡∏∑‡πâ‡∏≠‡∏Å‡∏•‡∏≤‡∏á‡∏ß‡∏±‡∏ô",101 - 200 ‡∏ö‡∏≤‡∏ó,"‡πÄ‡∏ú‡πá‡∏î, ‡πÄ‡∏õ‡∏£‡∏µ‡πâ‡∏¢‡∏ß, ‡πÄ‡∏Ñ‡πá‡∏°",‡πÑ‡∏°‡πà‡πÅ‡∏û‡πâ‡∏≠‡∏≤‡∏´‡∏≤‡∏£‡∏´‡∏£‡∏∑‡∏≠‡∏°‡∏µ‡∏Ç‡πâ‡∏≠‡∏à‡∏≥‡∏Å‡∏±‡∏î‡πÉ‡∏î ‡πÜ,‡∏´‡∏°‡∏π‡∏Å‡∏£‡∏∞‡∏ó‡∏∞,‡∏Å‡∏¥‡∏ô‡∏Å‡∏±‡∏ö‡πÄ‡∏û‡∏∑‡πà‡∏≠‡∏ô‡πÅ‡∏•‡πâ‡∏ß‡∏°‡∏µ‡∏Ñ‡∏ß‡∏≤‡∏°‡∏™‡∏∏‡∏Ç,‡∏ú‡∏±‡∏î‡∏Å‡∏£‡∏∞‡πÄ‡∏û‡∏£‡∏≤‡∏´‡∏°‡∏π,‡∏≠‡∏£‡πà‡∏≠‡∏¢‡∏Å‡∏±‡∏ö‡∏á‡πà‡∏≤‡∏¢,5,"‡πÇ‡∏£‡∏á‡∏≠‡∏≤‡∏´‡∏≤‡∏£‡∏¢‡πà‡∏≠‡∏¢‡πÉ‡∏ô‡∏ï‡∏∂‡∏Å (‡∏Ñ‡∏ì‡∏∞‡∏ö‡∏±‡∏ç‡∏ä‡∏µ‡∏Ø , ‡∏£‡∏±‡∏ê‡∏®‡∏≤‡∏™‡∏ï‡∏£‡πå‡∏Ø , ‡∏™‡∏±‡∏á‡∏Ñ‡∏°‡∏™‡∏á‡πÄ‡∏Ñ‡∏£‡∏≤‡∏∞‡∏´‡πå , ‡∏ô‡∏¥‡∏ï‡∏¥‡∏®‡∏≤‡∏™‡∏ï‡∏£‡πå ‡πÄ‡∏õ‡πá‡∏ô‡∏ï‡πâ‡∏ô)",‡πÉ‡∏Å‡∏•‡πâ‡∏ó‡∏µ‡πà‡∏™‡∏∏‡∏î,4,5,5,5,3,3,3,4,4,‡πÑ‡∏°‡πà‡∏°‡∏µ,
4/6/2024 14:18:11,‡∏¢‡∏¥‡∏ô‡∏¢‡∏≠‡∏°,‡∏ä‡∏≤‡∏¢,18-24 ‡∏õ‡∏µ,‡∏Ñ‡∏ì‡∏∞‡∏û‡∏≤‡∏ì‡∏¥‡∏ä‡∏¢‡∏®‡∏≤‡∏™‡∏ï‡∏£‡πå ‡πÅ‡∏•‡∏∞‡∏Å‡∏≤‡∏£‡∏ö‡∏±‡∏ç‡∏ä‡∏µ,64,"7,001 - 9,000 ‡∏ö‡∏≤‡∏ó","‡∏°‡∏∑‡πâ‡∏≠‡πÄ‡∏ä‡πâ‡∏≤, ‡∏°‡∏∑‡πâ‡∏≠‡∏Å‡∏•‡∏≤‡∏á‡∏ß‡∏±‡∏ô, ‡∏°‡∏∑‡πâ‡∏≠‡πÄ‡∏¢‡πá‡∏ô, ‡∏°‡∏∑‡πâ‡∏≠‡∏î‡∏∂‡∏Å",51 - 100 ‡∏ö‡∏≤‡∏ó,"‡πÄ‡∏Ñ‡πá‡∏°, ‡∏´‡∏ß‡∏≤‡∏ô",‡πÑ‡∏°‡πà‡πÅ‡∏û‡πâ‡∏≠‡∏≤‡∏´‡∏≤‡∏£‡∏´‡∏£‡∏∑‡∏≠‡∏°‡∏µ‡∏Ç‡πâ‡∏≠‡∏à‡∏≥‡∏Å‡∏±‡∏î‡πÉ‡∏î ‡πÜ,‡πÑ‡∏Å‡πà‡∏ó‡∏≠‡∏î,‡∏≠‡∏£‡πà‡∏≠‡∏¢,‡πÑ‡∏Å‡πà‡∏ó‡∏≠‡∏î,‡∏≠‡∏£‡πà‡∏≠‡∏¢,4,‡πÇ‡∏£‡∏á‡∏≠‡∏≤‡∏´‡∏≤‡∏£ Green Canteen,‡∏≠‡∏£‡πà‡∏≠‡∏¢,5,4,5,5,2,1,1,5,3,‡πÑ‡∏°‡πà‡∏°‡∏µ,
4/6/2024 14:19:48,‡∏¢‡∏¥‡∏ô‡∏¢‡∏≠‡∏°,‡∏´‡∏ç‡∏¥‡∏á,18-24 ‡∏õ‡∏µ,‡∏Ñ‡∏ì‡∏∞‡πÄ‡∏®‡∏£‡∏©‡∏ê‡∏®‡∏≤‡∏™‡∏ï‡∏£‡πå,65,"‡∏°‡∏≤‡∏Å‡∏Å‡∏ß‡πà‡∏≤ 9,000 ‡∏ö‡∏≤‡∏ó","‡∏°‡∏∑‡πâ‡∏≠‡πÄ‡∏ä‡πâ‡∏≤, ‡∏°‡∏∑‡πâ‡∏≠‡∏Å‡∏•‡∏≤‡∏á‡∏ß‡∏±‡∏ô, ‡∏°‡∏∑‡πâ‡∏≠‡πÄ‡∏¢‡πá‡∏ô",101 - 200 ‡∏ö‡∏≤‡∏ó,‡πÄ‡∏Ñ‡πá‡∏°,‡πÑ‡∏°‡πà‡πÅ‡∏û‡πâ‡∏≠‡∏≤‡∏´‡∏≤‡∏£‡∏´‡∏£‡∏∑‡∏≠‡∏°‡∏µ‡∏Ç‡πâ‡∏≠‡∏à‡∏≥‡∏Å‡∏±‡∏î‡πÉ‡∏î ‡πÜ,‡∏ä‡∏≤‡∏ö‡∏π,‡∏≠‡∏£‡πà‡∏≠‡∏¢ ‡∏´‡∏•‡∏≤‡∏Å‡∏´‡∏•‡∏≤‡∏¢,‡∏Ç‡πâ‡∏≤‡∏ß‡∏ú‡∏±‡∏î,‡∏≠‡∏£‡πà‡∏≠‡∏¢,2,‡πÇ‡∏£‡∏á‡∏≠‡∏≤‡∏´‡∏≤‡∏£ SC,‡∏≠‡∏£‡πà‡∏≠‡∏¢‡πÅ‡∏•‡∏∞‡πÉ‡∏Å‡∏•‡πâ,5,5,5,5,5,4,5,5,5,‡πÑ‡∏°‡πà‡∏°‡∏µ,
4/6/2024 14:31:17,‡∏¢‡∏¥‡∏ô‡∏¢‡∏≠‡∏°,‡∏´‡∏ç‡∏¥‡∏á,18-24 ‡∏õ‡∏µ,‡∏Ñ‡∏ì‡∏∞‡∏û‡∏≤‡∏ì‡∏¥‡∏ä‡∏¢‡∏®‡∏≤‡∏™‡∏ï‡∏£‡πå ‡πÅ‡∏•‡∏∞‡∏Å‡∏≤‡∏£‡∏ö‡∏±‡∏ç‡∏ä‡∏µ,65,"7,001 - 9,000 ‡∏ö‡∏≤‡∏ó","‡∏°‡∏∑‡πâ‡∏≠‡πÄ‡∏¢‡πá‡∏ô, ‡∏°‡∏∑‡πâ‡∏≠‡∏î‡∏∂‡∏Å",51 - 100 ‡∏ö‡∏≤‡∏ó,"‡πÄ‡∏õ‡∏£‡∏µ‡πâ‡∏¢‡∏ß, ‡πÄ‡∏Ñ‡πá‡∏°",‡∏≠‡∏≤‡∏´‡∏≤‡∏£‡∏ó‡∏∞‡πÄ‡∏•,‡∏ö‡∏∞‡∏´‡∏°‡∏µ‡πà‡πÄ‡∏õ‡πá‡∏î,‡∏Å‡∏¥‡∏ô‡∏°‡∏≤‡∏ï‡∏±‡πâ‡∏á‡πÅ‡∏ï‡πà‡πÄ‡∏î‡πá‡∏Å‡πÅ‡∏•‡πâ‡∏ß‡πÄ‡∏•‡∏¢‡∏ä‡∏≠‡∏ö,‡∏´‡∏°‡∏π‡∏ó‡∏≠‡∏î‡∏Å‡∏£‡∏∞‡πÄ‡∏ó‡∏µ‡∏¢‡∏°,‡∏≠‡∏£‡πà‡∏≠‡∏¢ ‡∏ñ‡∏π‡∏Å ‡∏´‡∏≤‡∏ó‡∏≤‡∏ô‡∏á‡πà‡∏≤‡∏¢,3,‡πÇ‡∏£‡∏á‡∏≠‡∏≤‡∏´‡∏≤‡∏£ SC,‡πÉ‡∏Å‡∏•‡πâ‡∏Å‡∏±‡∏ö‡∏≠‡∏£‡πà‡∏≠‡∏¢‡∏ó‡∏µ‡πà‡∏™‡∏∏‡∏î,3,4,5,5,3,3,3,4,1,‡πÑ‡∏°‡πà‡∏°‡∏µ,
4/6/2024 14:34:47,‡∏¢‡∏¥‡∏ô‡∏¢‡∏≠‡∏°,‡∏´‡∏ç‡∏¥‡∏á,18-24 ‡∏õ‡∏µ,‡∏Ñ‡∏ì‡∏∞‡πÄ‡∏®‡∏£‡∏©‡∏ê‡∏®‡∏≤‡∏™‡∏ï‡∏£‡πå,65,"5,001 - 7,000 ‡∏ö‡∏≤‡∏ó","‡∏°‡∏∑‡πâ‡∏≠‡πÄ‡∏ä‡πâ‡∏≤, ‡∏°‡∏∑‡πâ‡∏≠‡∏Å‡∏•‡∏≤‡∏á‡∏ß‡∏±‡∏ô, ‡∏°‡∏∑‡πâ‡∏≠‡πÄ‡∏¢‡πá‡∏ô",30 - 50 ‡∏ö‡∏≤‡∏ó,"‡πÄ‡∏Ñ‡πá‡∏°, ‡∏´‡∏ß‡∏≤‡∏ô",‡πÑ‡∏°‡πà‡πÅ‡∏û‡πâ‡∏≠‡∏≤‡∏´‡∏≤‡∏£‡∏´‡∏£‡∏∑‡∏≠‡∏°‡∏µ‡∏Ç‡πâ‡∏≠‡∏à‡∏≥‡∏Å‡∏±‡∏î‡πÉ‡∏î ‡πÜ,‡∏ä‡∏≤‡∏ö‡∏π,‡∏≠‡∏£‡πà‡∏≠‡∏¢ ‡∏Ñ‡∏∏‡πâ‡∏° ‡∏≠‡∏¥‡πà‡∏°,‡∏Å‡πã‡∏ß‡∏¢‡πÄ‡∏ï‡∏µ‡πã‡∏¢‡∏ß,‡∏≠‡∏£‡πà‡∏≠‡∏¢,2,‡πÇ‡∏£‡∏á‡∏≠‡∏≤‡∏´‡∏≤‡∏£ SC,‡πÄ‡∏û‡∏∑‡πà‡∏≠‡∏ô‡∏ä‡∏≠‡∏ö‡πÑ‡∏õ‡∏Å‡∏±‡∏ô,5,4,5,4,2,2,1,5,2,‡πÑ‡∏°‡πà‡∏°‡∏µ,
4/6/2024 14:41:08,‡∏¢‡∏¥‡∏ô‡∏¢‡∏≠‡∏°,‡∏´‡∏ç‡∏¥‡∏á,18-24 ‡∏õ‡∏µ,‡∏Ñ‡∏ì‡∏∞‡∏û‡∏≤‡∏ì‡∏¥‡∏ä‡∏¢‡∏®‡∏≤‡∏™‡∏ï‡∏£‡πå ‡πÅ‡∏•‡∏∞‡∏Å‡∏≤‡∏£‡∏ö‡∏±‡∏ç‡∏ä‡∏µ,63,"7,001 - 9,000 ‡∏ö‡∏≤‡∏ó","‡∏°‡∏∑‡πâ‡∏≠‡∏Å‡∏•‡∏≤‡∏á‡∏ß‡∏±‡∏ô, ‡∏°‡∏∑‡πâ‡∏≠‡πÄ‡∏¢‡πá‡∏ô",51 - 100 ‡∏ö‡∏≤‡∏ó,"‡πÄ‡∏õ‡∏£‡∏µ‡πâ‡∏¢‡∏ß, ‡πÄ‡∏Ñ‡πá‡∏°",‡πÑ‡∏°‡πà‡πÅ‡∏û‡πâ‡∏≠‡∏≤‡∏´‡∏≤‡∏£‡∏´‡∏£‡∏∑‡∏≠‡∏°‡∏µ‡∏Ç‡πâ‡∏≠‡∏à‡∏≥‡∏Å‡∏±‡∏î‡πÉ‡∏î ‡πÜ,‡∏ä‡∏≤‡∏ö‡∏π,‡∏´‡∏•‡∏≤‡∏Å‡∏´‡∏•‡∏≤‡∏¢,‡∏ö‡∏∞‡∏´‡∏°‡∏µ‡πà‡πÑ‡∏Å‡πà‡∏ï‡πâ‡∏°,‡∏≠‡∏£‡πà‡∏≠‡∏¢‡πÅ‡∏•‡∏∞‡∏ñ‡∏π‡∏Å,3,‡πÇ‡∏£‡∏á‡∏≠‡∏≤‡∏´‡∏≤‡∏£ SC,‡πÉ‡∏Å‡∏•‡πâ,5,5,5,5,4,3,5,5,5,‡πÑ‡∏°‡πà‡∏°‡∏µ,
4/6/2024 14:44:50,‡∏¢‡∏¥‡∏ô‡∏¢‡∏≠‡∏°,‡∏Å‡∏£‡∏∞‡πÄ‡∏ó‡∏¢,18-24 ‡∏õ‡∏µ,‡∏Ñ‡∏ì‡∏∞‡∏û‡∏≤‡∏ì‡∏¥‡∏ä‡∏¢‡∏®‡∏≤‡∏™‡∏ï‡∏£‡πå ‡πÅ‡∏•‡∏∞‡∏Å‡∏≤‡∏£‡∏ö‡∏±‡∏ç‡∏ä‡∏µ,65,"‡∏°‡∏≤‡∏Å‡∏Å‡∏ß‡πà‡∏≤ 9,000 ‡∏ö‡∏≤‡∏ó","‡∏°‡∏∑‡πâ‡∏≠‡∏Å‡∏•‡∏≤‡∏á‡∏ß‡∏±‡∏ô, ‡∏°‡∏∑‡πâ‡∏≠‡πÄ‡∏¢‡πá‡∏ô, ‡∏°‡∏∑‡πâ‡∏≠‡∏î‡∏∂‡∏Å",51 - 100 ‡∏ö‡∏≤‡∏ó,"‡πÄ‡∏ú‡πá‡∏î, ‡πÄ‡∏õ‡∏£‡∏µ‡πâ‡∏¢‡∏ß, ‡πÄ‡∏Ñ‡πá‡∏°, ‡∏´‡∏ß‡∏≤‡∏ô",‡πÑ‡∏°‡πà‡πÅ‡∏û‡πâ‡∏≠‡∏≤‡∏´‡∏≤‡∏£‡∏´‡∏£‡∏∑‡∏≠‡∏°‡∏µ‡∏Ç‡πâ‡∏≠‡∏à‡∏≥‡∏Å‡∏±‡∏î‡πÉ‡∏î ‡πÜ,‡∏Ç‡πâ‡∏≤‡∏ß‡∏ï‡πâ‡∏°‡∏´‡∏°‡∏π,‡∏ó‡∏≤‡∏ô‡∏á‡πà‡∏≤‡∏¢,‡∏Ç‡πâ‡∏≤‡∏ß‡πÄ‡∏´‡∏ô‡∏µ‡∏¢‡∏ß‡∏´‡∏°‡∏π‡∏õ‡∏¥‡πâ‡∏á,‡∏ã‡∏∑‡πâ‡∏≠‡∏Å‡∏¥‡∏ô‡∏õ‡∏£‡∏∞‡∏à‡∏≥‡∏ó‡∏µ‡πà‡∏´‡∏ô‡πâ‡∏≤‡∏ö‡πâ‡∏≤‡∏ô,2,‡πÇ‡∏£‡∏á‡∏≠‡∏≤‡∏´‡∏≤‡∏£ SC,‡∏Å‡∏¥‡∏ô‡∏Å‡∏±‡∏ö‡πÄ‡∏û‡∏∑‡πà‡∏≠‡∏ô‡∏ï‡∏≠‡∏ô‡∏û‡∏±‡∏Å‡πÄ‡∏ó‡∏µ‡πà‡∏¢‡∏á,3,3,5,5,5,3,2,5,5,‡πÑ‡∏°‡πà‡∏°‡∏µ,
4/6/2024 14:49:13,‡∏¢‡∏¥‡∏ô‡∏¢‡∏≠‡∏°,‡∏´‡∏ç‡∏¥‡∏á,18-24 ‡∏õ‡∏µ,‡∏Ñ‡∏ì‡∏∞‡∏û‡∏≤‡∏ì‡∏¥‡∏ä‡∏¢‡∏®‡∏≤‡∏™‡∏ï‡∏£‡πå ‡πÅ‡∏•‡∏∞‡∏Å‡∏≤‡∏£‡∏ö‡∏±‡∏ç‡∏ä‡∏µ,65,"7,001 - 9,000 ‡∏ö‡∏≤‡∏ó","‡∏°‡∏∑‡πâ‡∏≠‡πÄ‡∏ä‡πâ‡∏≤, ‡∏°‡∏∑‡πâ‡∏≠‡∏Å‡∏•‡∏≤‡∏á‡∏ß‡∏±‡∏ô, ‡∏°‡∏∑‡πâ‡∏≠‡πÄ‡∏¢‡πá‡∏ô",51 - 100 ‡∏ö‡∏≤‡∏ó,"‡πÄ‡∏ú‡πá‡∏î, ‡πÄ‡∏Ñ‡πá‡∏°",‡πÑ‡∏°‡πà‡πÅ‡∏û‡πâ‡∏≠‡∏≤‡∏´‡∏≤‡∏£‡∏´‡∏£‡∏∑‡∏≠‡∏°‡∏µ‡∏Ç‡πâ‡∏≠‡∏à‡∏≥‡∏Å‡∏±‡∏î‡πÉ‡∏î ‡πÜ,‡∏Ç‡πâ‡∏≤‡∏ß‡πÅ‡∏Å‡∏á‡∏Å‡∏∞‡∏´‡∏£‡∏µ‡πà,‡∏≠‡∏£‡πà‡∏≠‡∏¢,‡∏Ç‡πâ‡∏≤‡∏ß‡πÑ‡∏Ç‡πà‡πÄ‡∏à‡∏µ‡∏¢‡∏ß‡∏´‡∏°‡∏π‡∏™‡∏±‡∏ö,‡∏ñ‡∏π‡∏Å,5,‡πÇ‡∏£‡∏á‡∏≠‡∏≤‡∏´‡∏≤‡∏£ SC,‡πÉ‡∏Å‡∏•‡πâ,4,4,5,4,2,2,1,5,5,‡πÑ‡∏°‡πà‡∏°‡∏µ,
4/6/2024 14:50:56,‡∏¢‡∏¥‡∏ô‡∏¢‡∏≠‡∏°,‡∏´‡∏ç‡∏¥‡∏á,18-24 ‡∏õ‡∏µ,‡∏Ñ‡∏ì‡∏∞‡∏û‡∏≤‡∏ì‡∏¥‡∏ä‡∏¢‡∏®‡∏≤‡∏™‡∏ï‡∏£‡πå ‡πÅ‡∏•‡∏∞‡∏Å‡∏≤‡∏£‡∏ö‡∏±‡∏ç‡∏ä‡∏µ,65,"3,000 - 5,000 ‡∏ö‡∏≤‡∏ó","‡∏°‡∏∑‡πâ‡∏≠‡∏Å‡∏•‡∏≤‡∏á‡∏ß‡∏±‡∏ô, ‡∏°‡∏∑‡πâ‡∏≠‡πÄ‡∏¢‡πá‡∏ô",30 - 50 ‡∏ö‡∏≤‡∏ó,"‡πÄ‡∏ú‡πá‡∏î, ‡πÄ‡∏õ‡∏£‡∏µ‡πâ‡∏¢‡∏ß, ‡πÄ‡∏Ñ‡πá‡∏°",‡πÑ‡∏°‡πà‡πÅ‡∏û‡πâ‡∏≠‡∏≤‡∏´‡∏≤‡∏£‡∏´‡∏£‡∏∑‡∏≠‡∏°‡∏µ‡∏Ç‡πâ‡∏≠‡∏à‡∏≥‡∏Å‡∏±‡∏î‡πÉ‡∏î ‡πÜ,‡∏ú‡∏±‡∏î‡∏°‡∏≤‡∏°‡πà‡∏≤,‡∏≠‡∏£‡πà‡∏≠‡∏¢,‡∏ú‡∏±‡∏î‡∏°‡∏≤‡∏°‡πà‡∏≤,‡∏≠‡∏£‡πà‡∏≠‡∏¢,1,‡πÇ‡∏£‡∏á‡∏≠‡∏≤‡∏´‡∏≤‡∏£ SC,‡∏≠‡∏£‡πà‡∏≠‡∏¢ ‡∏™‡∏∞‡∏≠‡∏≤‡∏î,5,3,5,5,2,2,1,5,5,‡πÑ‡∏°‡πà‡∏°‡∏µ,
4/6/2024 14:54:55,‡∏¢‡∏¥‡∏ô‡∏¢‡∏≠‡∏°,‡∏ä‡∏≤‡∏¢,18-24 ‡∏õ‡∏µ,‡∏Ñ‡∏ì‡∏∞‡∏û‡∏≤‡∏ì‡∏¥‡∏ä‡∏¢‡∏®‡∏≤‡∏™‡∏ï‡∏£‡πå ‡πÅ‡∏•‡∏∞‡∏Å‡∏≤‡∏£‡∏ö‡∏±‡∏ç‡∏ä‡∏µ,66,"5,001 - 7,000 ‡∏ö‡∏≤‡∏ó","‡∏°‡∏∑‡πâ‡∏≠‡πÄ‡∏ä‡πâ‡∏≤, ‡∏°‡∏∑‡πâ‡∏≠‡∏Å‡∏•‡∏≤‡∏á‡∏ß‡∏±‡∏ô",51 - 100 ‡∏ö‡∏≤‡∏ó,"‡πÄ‡∏Ñ‡πá‡∏°, ‡∏´‡∏ß‡∏≤‡∏ô",‡πÑ‡∏°‡πà‡πÅ‡∏û‡πâ‡∏≠‡∏≤‡∏´‡∏≤‡∏£‡∏´‡∏£‡∏∑‡∏≠‡∏°‡∏µ‡∏Ç‡πâ‡∏≠‡∏à‡∏≥‡∏Å‡∏±‡∏î‡πÉ‡∏î ‡πÜ,‡∏™‡∏∏‡∏Å‡∏µ‡πâ‡∏ô‡πâ‡∏≥,‡∏≠‡∏£‡πà‡∏≠‡∏¢ ‡∏™‡∏≤‡∏£‡∏≠‡∏≤‡∏´‡∏≤‡∏£‡∏Ñ‡∏£‡∏ö‡πÉ‡∏ô‡∏ñ‡πâ‡∏ß‡∏¢‡πÄ‡∏î‡∏µ‡∏¢‡∏ß,‡∏™‡∏∏‡∏Å‡∏µ‡πâ‡∏ô‡πâ‡∏≥,‡∏Å‡πã‡∏ß‡∏¢‡πÄ‡∏ï‡∏µ‡πã‡∏¢‡∏ß‡πÄ‡∏™‡πâ‡∏ô‡πÄ‡∏•‡πá‡∏Å,4,‡πÇ‡∏£‡∏á‡∏≠‡∏≤‡∏´‡∏≤‡∏£ SC,‡πÑ‡∏õ‡∏Å‡∏¥‡∏ô‡∏Å‡∏±‡∏ö‡πÅ‡∏ü‡∏ô,4,5,5,5,5,5,2,5,4,‡πÑ‡∏°‡πà‡∏°‡∏µ,
4/6/2024 14:57:52,‡∏¢‡∏¥‡∏ô‡∏¢‡∏≠‡∏°,‡∏ä‡∏≤‡∏¢,18-24 ‡∏õ‡∏µ,‡∏Ñ‡∏ì‡∏∞‡∏û‡∏≤‡∏ì‡∏¥‡∏ä‡∏¢‡∏®‡∏≤‡∏™‡∏ï‡∏£‡πå ‡πÅ‡∏•‡∏∞‡∏Å‡∏≤‡∏£‡∏ö‡∏±‡∏ç‡∏ä‡∏µ,66,"‡∏°‡∏≤‡∏Å‡∏Å‡∏ß‡πà‡∏≤ 9,000 ‡∏ö‡∏≤‡∏ó","‡∏°‡∏∑‡πâ‡∏≠‡πÄ‡∏ä‡πâ‡∏≤, ‡∏°‡∏∑‡πâ‡∏≠‡∏Å‡∏•‡∏≤‡∏á‡∏ß‡∏±‡∏ô, ‡∏°‡∏∑‡πâ‡∏≠‡πÄ‡∏¢‡πá‡∏ô",51 - 100 ‡∏ö‡∏≤‡∏ó,‡πÄ‡∏Ñ‡πá‡∏°,‡πÑ‡∏°‡πà‡πÅ‡∏û‡πâ‡∏≠‡∏≤‡∏´‡∏≤‡∏£‡∏´‡∏£‡∏∑‡∏≠‡∏°‡∏µ‡∏Ç‡πâ‡∏≠‡∏à‡∏≥‡∏Å‡∏±‡∏î‡πÉ‡∏î ‡πÜ,‡∏£‡∏≤‡πÄ‡∏°‡πá‡∏á,‡∏ä‡∏≠‡∏ö‡∏Å‡∏¥‡∏ô‡πÄ‡∏™‡πâ‡∏ô,‡∏Å‡πã‡∏ß‡∏¢‡πÄ‡∏ï‡∏µ‡πã‡∏¢‡∏ß,‡∏ä‡∏≠‡∏ö‡∏Å‡∏¥‡∏ô‡πÄ‡∏™‡πâ‡∏ô,4,‡πÇ‡∏£‡∏á‡∏≠‡∏≤‡∏´‡∏≤‡∏£ SC,‡∏Ç‡∏≠‡∏á‡∏≠‡∏£‡πà‡∏≠‡∏¢‡πÄ‡∏¢‡∏≠‡∏∞,4,4,5,5,3,3,3,5,4,‡πÑ‡∏°‡πà‡∏°‡∏µ,
4/6/2024 15:01:39,‡∏¢‡∏¥‡∏ô‡∏¢‡∏≠‡∏°,‡∏ä‡∏≤‡∏¢,‡∏ï‡πà‡∏≥‡∏Å‡∏ß‡πà‡∏≤ 18 ‡∏õ‡∏µ,‡∏Ñ‡∏ì‡∏∞‡∏û‡∏≤‡∏ì‡∏¥‡∏ä‡∏¢‡∏®‡∏≤‡∏™‡∏ï‡∏£‡πå ‡πÅ‡∏•‡∏∞‡∏Å‡∏≤‡∏£‡∏ö‡∏±‡∏ç‡∏ä‡∏µ,66,"7,001 - 9,000 ‡∏ö‡∏≤‡∏ó","‡∏°‡∏∑‡πâ‡∏≠‡πÄ‡∏ä‡πâ‡∏≤, ‡∏°‡∏∑‡πâ‡∏≠‡∏Å‡∏•‡∏≤‡∏á‡∏ß‡∏±‡∏ô, ‡∏°‡∏∑‡πâ‡∏≠‡πÄ‡∏¢‡πá‡∏ô",51 - 100 ‡∏ö‡∏≤‡∏ó,"‡πÄ‡∏ú‡πá‡∏î, ‡πÄ‡∏Ñ‡πá‡∏°",‡πÑ‡∏°‡πà‡πÅ‡∏û‡πâ‡∏≠‡∏≤‡∏´‡∏≤‡∏£‡∏´‡∏£‡∏∑‡∏≠‡∏°‡∏µ‡∏Ç‡πâ‡∏≠‡∏à‡∏≥‡∏Å‡∏±‡∏î‡πÉ‡∏î ‡πÜ,‡∏Å‡∏∏‡πâ‡∏á‡∏¢‡πà‡∏≤‡∏á,‡∏ä‡∏≠‡∏ö‡∏≠‡∏≤‡∏´‡∏≤‡∏£‡∏ó‡∏∞‡πÄ‡∏•,‡∏Ç‡πâ‡∏≤‡∏ß‡∏ú‡∏±‡∏î‡∏õ‡∏π,‡∏ä‡∏≠‡∏ö‡∏≠‡∏≤‡∏´‡∏≤‡∏£‡∏ó‡∏∞‡πÄ‡∏•,3,‡πÇ‡∏£‡∏á‡∏≠‡∏≤‡∏´‡∏≤‡∏£ SC,‡πÉ‡∏Å‡∏•‡πâ‡∏Å‡∏±‡∏ö‡∏´‡∏≤‡∏Ç‡∏≠‡∏á‡∏≠‡∏£‡πà‡∏≠‡∏¢‡∏á‡πà‡∏≤‡∏¢,5,5,5,4,5,3,3,4,5,‡πÑ‡∏°‡πà‡∏°‡∏µ,
4/6/2024 15:05:41,‡∏¢‡∏¥‡∏ô‡∏¢‡∏≠‡∏°,‡∏´‡∏ç‡∏¥‡∏á,18-24 ‡∏õ‡∏µ,‡∏Ñ‡∏ì‡∏∞‡∏û‡∏≤‡∏ì‡∏¥‡∏ä‡∏¢‡∏®‡∏≤‡∏™‡∏ï‡∏£‡πå ‡πÅ‡∏•‡∏∞‡∏Å‡∏≤‡∏£‡∏ö‡∏±‡∏ç‡∏ä‡∏µ,65,"7,001 - 9,000 ‡∏ö‡∏≤‡∏ó","‡∏°‡∏∑‡πâ‡∏≠‡∏Å‡∏•‡∏≤‡∏á‡∏ß‡∏±‡∏ô, ‡∏°‡∏∑‡πâ‡∏≠‡πÄ‡∏¢‡πá‡∏ô",51 - 100 ‡∏ö‡∏≤‡∏ó,"‡πÄ‡∏ú‡πá‡∏î, ‡πÄ‡∏Ñ‡πá‡∏°",‡πÑ‡∏°‡πà‡πÅ‡∏û‡πâ‡∏≠‡∏≤‡∏´‡∏≤‡∏£‡∏´‡∏£‡∏∑‡∏≠‡∏°‡∏µ‡∏Ç‡πâ‡∏≠‡∏à‡∏≥‡∏Å‡∏±‡∏î‡πÉ‡∏î ‡πÜ,‡πÑ‡∏Ç‡πà‡∏õ‡∏π‡∏î‡∏≠‡∏á,‡∏ä‡∏≠‡∏ö‡πÄ‡∏û‡∏£‡∏≤‡∏∞‡∏≠‡∏£‡πà‡∏≠‡∏¢‡∏Ñ‡∏±‡∏ö,‡πÅ‡∏ã‡∏•‡∏°‡∏≠‡∏ô‡∏î‡∏≠‡∏á,‡∏≠‡∏£‡πà‡∏≠‡∏¢‡∏¢‡∏¢‡∏¢,2,‡πÇ‡∏£‡∏á‡∏≠‡∏≤‡∏´‡∏≤‡∏£ Green Canteen,‡∏´‡∏•‡∏≤‡∏Å‡∏´‡∏•‡∏≤‡∏¢,3,3,5,5,4,2,2,5,5,‡πÑ‡∏°‡πà‡∏°‡∏µ,
4/6/2024 15:08:11,‡∏¢‡∏¥‡∏ô‡∏¢‡∏≠‡∏°,‡∏´‡∏ç‡∏¥‡∏á,18-24 ‡∏õ‡∏µ,‡∏Ñ‡∏ì‡∏∞‡∏û‡∏≤‡∏ì‡∏¥‡∏ä‡∏¢‡∏®‡∏≤‡∏™‡∏ï‡∏£‡πå ‡πÅ‡∏•‡∏∞‡∏Å‡∏≤‡∏£‡∏ö‡∏±‡∏ç‡∏ä‡∏µ,63,"7,001 - 9,000 ‡∏ö‡∏≤‡∏ó","‡∏°‡∏∑‡πâ‡∏≠‡∏Å‡∏•‡∏≤‡∏á‡∏ß‡∏±‡∏ô, ‡∏°‡∏∑‡πâ‡∏≠‡πÄ‡∏¢‡πá‡∏ô",51 - 100 ‡∏ö‡∏≤‡∏ó,"‡πÄ‡∏Ñ‡πá‡∏°, ‡∏´‡∏ß‡∏≤‡∏ô",‡πÑ‡∏°‡πà‡πÅ‡∏û‡πâ‡∏≠‡∏≤‡∏´‡∏≤‡∏£‡∏´‡∏£‡∏∑‡∏≠‡∏°‡∏µ‡∏Ç‡πâ‡∏≠‡∏à‡∏≥‡∏Å‡∏±‡∏î‡πÉ‡∏î ‡πÜ,‡πÅ‡∏Å‡∏á‡∏û‡∏∞‡πÅ‡∏ô‡∏á‡πÑ‡∏Å‡πà,‡∏≠‡∏£‡πà‡∏≠‡∏¢,‡∏Å‡∏∞‡πÄ‡∏û‡∏£‡∏≤‡πÑ‡∏Å‡πà‡πÑ‡∏Ç‡πà‡∏î‡∏≤‡∏ß,‡∏á‡πà‡∏≤‡∏¢,5,‡πÇ‡∏£‡∏á‡∏≠‡∏≤‡∏´‡∏≤‡∏£ Green Canteen,‡∏≠‡∏¢‡∏π‡πà‡πÉ‡∏Å‡∏•‡πâ‡∏´‡∏≠,4,3,5,5,5,4,4,5,3,‡πÑ‡∏°‡πà‡∏°‡∏µ,
4/6/2024 15:10:58,‡∏¢‡∏¥‡∏ô‡∏¢‡∏≠‡∏°,‡∏ä‡∏≤‡∏¢,18-24 ‡∏õ‡∏µ,‡∏Ñ‡∏ì‡∏∞‡∏ß‡∏¥‡∏®‡∏ß‡∏Å‡∏£‡∏£‡∏°‡∏®‡∏≤‡∏™‡∏ï‡∏£‡πå,65,"7,001 - 9,000 ‡∏ö‡∏≤‡∏ó","‡∏°‡∏∑‡πâ‡∏≠‡∏Å‡∏•‡∏≤‡∏á‡∏ß‡∏±‡∏ô, ‡∏°‡∏∑‡πâ‡∏≠‡πÄ‡∏¢‡πá‡∏ô",51 - 100 ‡∏ö‡∏≤‡∏ó,"‡πÄ‡∏Ñ‡πá‡∏°, ‡∏´‡∏ß‡∏≤‡∏ô",‡πÑ‡∏°‡πà‡πÅ‡∏û‡πâ‡∏≠‡∏≤‡∏´‡∏≤‡∏£‡∏´‡∏£‡∏∑‡∏≠‡∏°‡∏µ‡∏Ç‡πâ‡∏≠‡∏à‡∏≥‡∏Å‡∏±‡∏î‡πÉ‡∏î ‡πÜ,‡∏Ç‡πâ‡∏≤‡∏ß‡∏´‡∏°‡∏π‡∏Å‡∏£‡∏≠‡∏ö,‡∏≠‡∏£‡πà‡∏≠‡∏¢‡πÅ‡∏•‡∏∞‡∏Å‡∏£‡∏≠‡∏ö,‡∏Ç‡πâ‡∏≤‡∏ß‡∏´‡∏°‡∏π‡∏Å‡∏£‡∏≠‡∏ö,‡∏≠‡∏£‡πà‡∏≠‡∏¢‡πÅ‡∏•‡∏∞‡∏Å‡∏£‡∏≠‡∏ö,3,‡πÇ‡∏£‡∏á‡∏≠‡∏≤‡∏´‡∏≤‡∏£ Green Canteen,‡∏≠‡∏£‡πà‡∏≠‡∏¢‡πÅ‡∏•‡∏∞‡∏ä‡∏≠‡∏ö‡∏Ç‡∏±‡∏ö‡∏£‡∏ñ,5,5,5,5,5,4,3,5,5,‡πÑ‡∏°‡πà‡∏°‡∏µ,
4/6/2024 15:12:50,‡∏¢‡∏¥‡∏ô‡∏¢‡∏≠‡∏°,‡∏´‡∏ç‡∏¥‡∏á,18-24 ‡∏õ‡∏µ,‡∏Ñ‡∏ì‡∏∞‡∏û‡∏≤‡∏ì‡∏¥‡∏ä‡∏¢‡∏®‡∏≤‡∏™‡∏ï‡∏£‡πå ‡πÅ‡∏•‡∏∞‡∏Å‡∏≤‡∏£‡∏ö‡∏±‡∏ç‡∏ä‡∏µ,65,"7,001 - 9,000 ‡∏ö‡∏≤‡∏ó","‡∏°‡∏∑‡πâ‡∏≠‡∏Å‡∏•‡∏≤‡∏á‡∏ß‡∏±‡∏ô, ‡∏°‡∏∑‡πâ‡∏≠‡πÄ‡∏¢‡πá‡∏ô, ‡∏°‡∏∑‡πâ‡∏≠‡∏î‡∏∂‡∏Å",51 - 100 ‡∏ö‡∏≤‡∏ó,"‡πÄ‡∏õ‡∏£‡∏µ‡πâ‡∏¢‡∏ß, ‡πÄ‡∏Ñ‡πá‡∏°",‡πÑ‡∏°‡πà‡πÅ‡∏û‡πâ‡∏≠‡∏≤‡∏´‡∏≤‡∏£‡∏´‡∏£‡∏∑‡∏≠‡∏°‡∏µ‡∏Ç‡πâ‡∏≠‡∏à‡∏≥‡∏Å‡∏±‡∏î‡πÉ‡∏î ‡πÜ,‡∏¢‡∏≥‡∏°‡∏≤‡∏°‡πà‡∏≤,‡∏≠‡∏£‡πà‡∏≠‡∏¢‡πÅ‡∏•‡∏∞‡∏Å‡πá‡∏ñ‡∏π‡∏Å,‡∏ú‡∏±‡∏î‡∏´‡∏°‡∏µ‡πà,‡∏≠‡∏£‡πà‡∏≠‡∏¢,5,‡πÇ‡∏£‡∏á‡∏≠‡∏≤‡∏´‡∏≤‡∏£ Green Canteen,‡πÉ‡∏Å‡∏•‡πâ‡∏´‡∏≠,4,4,5,5,3,1,5,5,5,‡πÑ‡∏°‡πà‡∏°‡∏µ,
4/7/2024 14:59:59,‡∏¢‡∏¥‡∏ô‡∏¢‡∏≠‡∏°,‡∏ä‡∏≤‡∏¢,18-24 ‡∏õ‡∏µ,‡∏™‡∏ñ‡∏≤‡∏ö‡∏±‡∏ô‡πÄ‡∏ó‡∏Ñ‡πÇ‡∏ô‡πÇ‡∏•‡∏¢‡∏µ‡∏ô‡∏≤‡∏ô‡∏≤‡∏ä‡∏≤‡∏ï‡∏¥‡∏™‡∏¥‡∏£‡∏¥‡∏ô‡∏ò‡∏£,65,"7,001 - 9,000 ‡∏ö‡∏≤‡∏ó","‡∏°‡∏∑‡πâ‡∏≠‡∏Å‡∏•‡∏≤‡∏á‡∏ß‡∏±‡∏ô, ‡∏°‡∏∑‡πâ‡∏≠‡πÄ‡∏¢‡πá‡∏ô",51 - 100 ‡∏ö‡∏≤‡∏ó,‡πÑ‡∏°‡πà‡∏°‡∏µ‡∏Ñ‡∏ß‡∏≤‡∏°‡∏ä‡∏≠‡∏ö‡πÅ‡∏ö‡∏ö‡πÉ‡∏î‡πÄ‡∏õ‡πá‡∏ô‡∏û‡∏¥‡πÄ‡∏®‡∏©,‡πÑ‡∏°‡πà‡πÅ‡∏û‡πâ‡∏≠‡∏≤‡∏´‡∏≤‡∏£‡∏´‡∏£‡∏∑‡∏≠‡∏°‡∏µ‡∏Ç‡πâ‡∏≠‡∏à‡∏≥‡∏Å‡∏±‡∏î‡πÉ‡∏î ‡πÜ,‡∏™‡∏õ‡∏≤‡πÄ‡∏Å‡∏ï‡∏ï‡∏µ,‡∏≠‡∏£‡πà‡∏≠‡∏¢,‡∏≠‡∏≤‡∏´‡∏≤‡∏£‡∏ï‡∏≤‡∏°‡∏™‡∏±‡πà‡∏á,‡πÄ‡∏Ç‡πâ‡∏≤‡∏ñ‡∏∂‡∏á‡∏á‡πà‡∏≤‡∏¢,2,‡πÇ‡∏£‡∏á‡∏≠‡∏≤‡∏´‡∏≤‡∏£‡∏Ñ‡∏ì‡∏∞‡∏ß‡∏¥‡∏®‡∏ß‡∏∞‡∏Ø,‡πÉ‡∏Å‡∏•‡πâ‡∏°‡∏≤‡∏Å‡∏ó‡∏µ‡πà‡∏™‡∏∏‡∏î,4,2,4,3,4,4,3,3,5,‡∏°‡∏µ,‡πÄ‡∏û‡∏¥‡πà‡∏°‡∏ï‡∏±‡∏ß‡πÄ‡∏•‡∏∑‡∏≠‡∏Å‡∏£‡πâ‡∏≤‡∏ô‡∏≠‡∏≤‡∏´‡∏≤‡∏£‡πÉ‡∏ô‡πÇ‡∏£‡∏á‡∏≠‡∏≤‡∏´‡∏≤‡∏£‡∏ß‡∏¥‡∏®‡∏ß‡∏∞‡∏Ø
4/7/2024 15:08:26,‡∏¢‡∏¥‡∏ô‡∏¢‡∏≠‡∏°,‡∏ä‡∏≤‡∏¢,18-24 ‡∏õ‡∏µ,‡∏™‡∏ñ‡∏≤‡∏ö‡∏±‡∏ô‡πÄ‡∏ó‡∏Ñ‡πÇ‡∏ô‡πÇ‡∏•‡∏¢‡∏µ‡∏ô‡∏≤‡∏ô‡∏≤‡∏ä‡∏≤‡∏ï‡∏¥‡∏™‡∏¥‡∏£‡∏¥‡∏ô‡∏ò‡∏£,65,"3,000 - 5,000 ‡∏ö‡∏≤‡∏ó","‡∏°‡∏∑‡πâ‡∏≠‡πÄ‡∏ä‡πâ‡∏≤, ‡∏°‡∏∑‡πâ‡∏≠‡∏Å‡∏•‡∏≤‡∏á‡∏ß‡∏±‡∏ô, ‡∏°‡∏∑‡πâ‡∏≠‡πÄ‡∏¢‡πá‡∏ô",51 - 100 ‡∏ö‡∏≤‡∏ó,"‡πÄ‡∏ú‡πá‡∏î, ‡πÄ‡∏õ‡∏£‡∏µ‡πâ‡∏¢‡∏ß, ‡πÄ‡∏Ñ‡πá‡∏°",‡πÑ‡∏°‡πà‡πÅ‡∏û‡πâ‡∏≠‡∏≤‡∏´‡∏≤‡∏£‡∏´‡∏£‡∏∑‡∏≠‡∏°‡∏µ‡∏Ç‡πâ‡∏≠‡∏à‡∏≥‡∏Å‡∏±‡∏î‡πÉ‡∏î ‡πÜ,‡∏Ç‡πâ‡∏≤‡∏á‡∏ô‡πâ‡∏≥‡∏û‡∏£‡∏¥‡∏Å‡πÇ‡∏£‡∏á‡∏´‡∏≤‡∏£ JC,‡∏Å‡∏•‡∏°‡∏Å‡∏•‡πà‡∏≠‡∏° ‡∏£‡∏≤‡∏Ñ‡∏≤‡∏Ñ‡∏∏‡πâ‡∏°,Tuna Sandwich(‡πÉ‡∏™‡πà‡∏ú‡∏±‡∏Å),‡∏™‡∏î‡∏ß‡∏Å ‡πÑ‡∏ß ‡∏Ñ‡∏£‡∏ö,3,‡πÇ‡∏£‡∏á‡∏≠‡∏≤‡∏´‡∏≤‡∏£‡∏Ñ‡∏ì‡∏∞‡∏ß‡∏¥‡∏®‡∏ß‡∏∞‡∏Ø,‡πÉ‡∏Å‡∏•‡πâ‡∏Å‡∏±‡∏ö‡∏Ñ‡∏ì‡∏∞,3,2,3,4,3,3,3,3,4,‡πÑ‡∏°‡πà‡∏°‡∏µ,
4/7/2024 15:23:09,‡∏¢‡∏¥‡∏ô‡∏¢‡∏≠‡∏°,‡∏ä‡∏≤‡∏¢,18-24 ‡∏õ‡∏µ,‡∏™‡∏ñ‡∏≤‡∏ö‡∏±‡∏ô‡πÄ‡∏ó‡∏Ñ‡πÇ‡∏ô‡πÇ‡∏•‡∏¢‡∏µ‡∏ô‡∏≤‡∏ô‡∏≤‡∏ä‡∏≤‡∏ï‡∏¥‡∏™‡∏¥‡∏£‡∏¥‡∏ô‡∏ò‡∏£,65,"‡∏°‡∏≤‡∏Å‡∏Å‡∏ß‡πà‡∏≤ 9,000 ‡∏ö‡∏≤‡∏ó",‡∏°‡∏∑‡πâ‡∏≠‡∏Å‡∏•‡∏≤‡∏á‡∏ß‡∏±‡∏ô,51 - 100 ‡∏ö‡∏≤‡∏ó,"‡πÄ‡∏ú‡πá‡∏î, ‡πÄ‡∏õ‡∏£‡∏µ‡πâ‡∏¢‡∏ß, ‡πÄ‡∏Ñ‡πá‡∏°, ‡∏´‡∏ß‡∏≤‡∏ô",‡πÑ‡∏°‡πà‡πÅ‡∏û‡πâ‡∏≠‡∏≤‡∏´‡∏≤‡∏£‡∏´‡∏£‡∏∑‡∏≠‡∏°‡∏µ‡∏Ç‡πâ‡∏≠‡∏à‡∏≥‡∏Å‡∏±‡∏î‡πÉ‡∏î ‡πÜ,‡∏ú‡∏±‡∏î‡∏û‡∏£‡∏¥‡∏Å‡πÄ‡∏Å‡∏•‡∏∑‡∏≠‡∏´‡∏°‡∏π‡∏Å‡∏£‡∏≠‡∏ö,‡∏°‡∏±‡∏ô‡∏≠‡∏£‡πà‡∏≠‡∏¢‡∏î‡∏µ,‡∏ú‡∏±‡∏î‡∏û‡∏£‡∏¥‡∏Å‡πÄ‡∏Å‡∏•‡∏∑‡∏≠‡∏´‡∏°‡∏π‡∏Å‡∏£‡∏≠‡∏ö,‡∏≠‡∏£‡πà‡∏≠‡∏¢‡∏î‡∏µ,4,‡πÇ‡∏£‡∏á‡∏≠‡∏≤‡∏´‡∏≤‡∏£‡∏Ñ‡∏ì‡∏∞‡∏ß‡∏¥‡∏®‡∏ß‡∏∞‡∏Ø,‡πÉ‡∏Å‡∏•‡πâ‡∏î‡∏µ ‡∏≠‡∏£‡πà‡∏≠‡∏¢‡∏≠‡∏¢‡∏π‡πà,3,3,5,5,5,3,3,4,2,‡πÑ‡∏°‡πà‡∏°‡∏µ,
4/7/2024 19:50:20,‡∏¢‡∏¥‡∏ô‡∏¢‡∏≠‡∏°,‡∏´‡∏ç‡∏¥‡∏á,18-24 ‡∏õ‡∏µ,‡∏Ñ‡∏ì‡∏∞‡∏®‡∏¥‡∏•‡∏õ‡∏®‡∏≤‡∏™‡∏ï‡∏£‡πå,65,"5,001 - 7,000 ‡∏ö‡∏≤‡∏ó","‡∏°‡∏∑‡πâ‡∏≠‡πÄ‡∏ä‡πâ‡∏≤, ‡∏°‡∏∑‡πâ‡∏≠‡∏Å‡∏•‡∏≤‡∏á‡∏ß‡∏±‡∏ô, ‡∏°‡∏∑‡πâ‡∏≠‡πÄ‡∏¢‡πá‡∏ô, ‡∏°‡∏∑‡πâ‡∏≠‡∏î‡∏∂‡∏Å",101 - 200 ‡∏ö‡∏≤‡∏ó,"‡πÄ‡∏Ñ‡πá‡∏°, ‡∏´‡∏ß‡∏≤‡∏ô",‡πÑ‡∏°‡πà‡πÅ‡∏û‡πâ‡∏≠‡∏≤‡∏´‡∏≤‡∏£‡∏´‡∏£‡∏∑‡∏≠‡∏°‡∏µ‡∏Ç‡πâ‡∏≠‡∏à‡∏≥‡∏Å‡∏±‡∏î‡πÉ‡∏î ‡πÜ,‡∏û‡∏¥‡∏ã‡∏ã‡πà‡∏≤‡∏´‡∏ô‡πâ‡∏≤‡πÄ‡∏õ‡πä‡∏õ‡πÇ‡∏£‡∏ô‡∏µ‡∏ä‡∏µ‡∏™ ‡πÅ‡∏õ‡πâ‡∏á‡∏´‡∏ô‡∏≤‡∏ô‡∏∏‡πà‡∏°,‡∏≠‡∏£‡πà‡∏≠‡∏¢ ‡∏°‡∏µ‡∏£‡∏™‡∏ä‡∏≤‡∏ï‡∏¥‡πÄ‡∏Ñ‡πá‡∏° ‡∏ô‡∏∏‡πä‡∏°‡∏ô‡∏∏‡πà‡∏°,‡∏´‡∏°‡∏π‡∏ú‡∏±‡∏î‡∏û‡∏£‡∏¥‡∏Å‡πÅ‡∏Å‡∏á‡πÑ‡∏Ç‡πà‡∏î‡∏≤‡∏ß,‡πÄ‡∏õ‡πá‡∏ô‡πÄ‡∏°‡∏ô‡∏π‡∏ó‡∏µ‡πà‡∏≠‡∏£‡πà‡∏≠‡∏¢‡∏ó‡∏µ‡πà‡∏™‡∏∏‡∏î‡πÉ‡∏ô‡∏£‡πâ‡∏≤‡∏ô‡∏≠‡∏≤‡∏´‡∏≤‡∏£‡πÉ‡∏Å‡∏•‡πâ‡∏ö‡πâ‡∏≤‡∏ô ,2,‡πÇ‡∏£‡∏á‡∏≠‡∏≤‡∏´‡∏≤‡∏£ SC,‡πÉ‡∏Å‡∏•‡πâ‡∏Å‡∏±‡∏ö‡∏ï‡∏∂‡∏Å‡πÄ‡∏£‡∏µ‡∏¢‡∏ô‡∏ó‡∏µ‡πà‡∏™‡∏∏‡∏î,1,3,5,5,5,2,1,1,5,‡πÑ‡∏°‡πà‡∏°‡∏µ,